معرّف_الوزن,الوزن,العائلة,البُعد,القيمة
faail,فَاعِل,اسم_فاعل,الفاعلية,1.0
faail,فَاعِل,اسم_فاعل,المفعولية,0.0
faail,فَاعِل,اسم_فاعل,التعدية,0.3
faail,فَاعِل,اسم_فاعل,اسم_المكان,0.0
faail,فَاعِل,اسم_فاعل,اسم_الزمان,0.0
faail,فَاعِل,اسم_فاعل,اسم_الآلة,0.0
faail,فَاعِل,اسم_فاعل,النسبة,0.0
faail,فَاعِل,اسم_فاعل,التفضيل_والمبالغة,0.1
faail,فَاعِل,اسم_فاعل,الكثرة_والجمع,0.0
faail,فَاعِل,اسم_فاعل,التحويل_الدلالي,0.0
faail,فَاعِل,اسم_فاعل,المصدر,0.0
faail,فَاعِل,اسم_فاعل,الجامد,0.0
mafuul,مَفْعُول,اسم_مفعول,الفاعلية,0.0
mafuul,مَفْعُول,اسم_مفعول,المفعولية,1.0
mafuul,مَفْعُول,اسم_مفعول,التعدية,0.2
mafuul,مَفْعُول,اسم_مفعول,اسم_المكان,0.0
mafuul,مَفْعُول,اسم_مفعول,اسم_الزمان,0.0
mafuul,مَفْعُول,اسم_مفعول,اسم_الآلة,0.0
mafuul,مَفْعُول,اسم_مفعول,النسبة,0.0
mafuul,مَفْعُول,اسم_مفعول,التفضيل_والمبالغة,0.0
mafuul,مَفْعُول,اسم_مفعول,الكثرة_والجمع,0.0
mafuul,مَفْعُول,اسم_مفعول,التحويل_الدلالي,0.2
mafuul,مَفْعُول,اسم_مفعول,المصدر,0.0
mafuul,مَفْعُول,اسم_مفعول,الجامد,0.0
mafal_place,مَفْعَل,اسم_مكان,الفاعلية,0.0
mafal_place,مَفْعَل,اسم_مكان,المفعولية,0.0
mafal_place,مَفْعَل,اسم_مكان,التعدية,0.0
mafal_place,مَفْعَل,اسم_مكان,اسم_المكان,1.0
mafal_place,مَفْعَل,اسم_مكان,اسم_الزمان,0.3
mafal_place,مَفْعَل,اسم_مكان,اسم_الآلة,0.2
mafal_place,مَفْعَل,اسم_مكان,النسبة,0.0
mafal_place,مَفْعَل,اسم_مكان,التفضيل_والمبالغة,0.0
mafal_place,مَفْعَل,اسم_مكان,الكثرة_والجمع,0.0
mafal_place,مَفْعَل,اسم_مكان,التحويل_الدلالي,0.0
mafal_place,مَفْعَل,اسم_مكان,المصدر,0.2
mafal_place,مَفْعَل,اسم_مكان,الجامد,0.0
mafala_place,مَفْعَلَة,اسم_مكان,الفاعلية,0.0
mafala_place,مَفْعَلَة,اسم_مكان,المفعولية,0.0
mafala_place,مَفْعَلَة,اسم_مكان,التعدية,0.0
mafala_place,مَفْعَلَة,اسم_مكان,اسم_المكان,1.0
mafala_place,مَفْعَلَة,اسم_مكان,اسم_الزمان,0.2
mafala_place,مَفْعَلَة,اسم_مكان,اسم_الآلة,0.1
mafala_place,مَفْعَلَة,اسم_مكان,النسبة,0.0
mafala_place,مَفْعَلَة,اسم_مكان,التفضيل_والمبالغة,0.0
mafala_place,مَفْعَلَة,اسم_مكان,الكثرة_والجمع,0.0
mafala_place,مَفْعَلَة,اسم_مكان,التحويل_الدلالي,0.0
mafala_place,مَفْعَلَة,اسم_مكان,المصدر,0.1
mafala_place,مَفْعَلَة,اسم_مكان,الجامد,0.0
faaaal_intense,فَعَّال,مبالغة_فاعل,الفاعلية,0.9
faaaal_intense,فَعَّال,مبالغة_فاعل,المفعولية,0.0
faaaal_intense,فَعَّال,مبالغة_فاعل,التعدية,0.5
faaaal_intense,فَعَّال,مبالغة_فاعل,اسم_المكان,0.0
faaaal_intense,فَعَّال,مبالغة_فاعل,اسم_الزمان,0.0
faaaal_intense,فَعَّال,مبالغة_فاعل,اسم_الآلة,0.3
faaaal_intense,فَعَّال,مبالغة_فاعل,النسبة,0.0
faaaal_intense,فَعَّال,مبالغة_فاعل,التفضيل_والمبالغة,0.5
faaaal_intense,فَعَّال,مبالغة_فاعل,الكثرة_والجمع,0.2
faaaal_intense,فَعَّال,مبالغة_فاعل,التحويل_الدلالي,0.0
faaaal_intense,فَعَّال,مبالغة_فاعل,المصدر,0.0
faaaal_intense,فَعَّال,مبالغة_فاعل,الجامد,0.0
istafala_verb,إِسْتَفْعَل,فعل_مزيد,الفاعلية,0.7
istafala_verb,إِسْتَفْعَل,فعل_مزيد,المفعولية,0.3
istafala_verb,إِسْتَفْعَل,فعل_مزيد,التعدية,0.8
istafala_verb,إِسْتَفْعَل,فعل_مزيد,اسم_المكان,0.0
istafala_verb,إِسْتَفْعَل,فعل_مزيد,اسم_الزمان,0.0
istafala_verb,إِسْتَفْعَل,فعل_مزيد,اسم_الآلة,0.4
istafala_verb,إِسْتَفْعَل,فعل_مزيد,النسبة,0.0
istafala_verb,إِسْتَفْعَل,فعل_مزيد,التفضيل_والمبالغة,0.0
istafala_verb,إِسْتَفْعَل,فعل_مزيد,الكثرة_والجمع,0.0
istafala_verb,إِسْتَفْعَل,فعل_مزيد,التحويل_الدلالي,0.9
istafala_verb,إِسْتَفْعَل,فعل_مزيد,المصدر,0.0
istafala_verb,إِسْتَفْعَل,فعل_مزيد,الجامد,0.0
tafaala_reflex,تَفَاعَل,فعل_مزيد,الفاعلية,0.5
tafaala_reflex,تَفَاعَل,فعل_مزيد,المفعولية,0.5
tafaala_reflex,تَفَاعَل,فعل_مزيد,التعدية,0.3
tafaala_reflex,تَفَاعَل,فعل_مزيد,اسم_المكان,0.0
tafaala_reflex,تَفَاعَل,فعل_مزيد,اسم_الزمان,0.0
tafaala_reflex,تَفَاعَل,فعل_مزيد,اسم_الآلة,0.0
tafaala_reflex,تَفَاعَل,فعل_مزيد,النسبة,0.0
tafaala_reflex,تَفَاعَل,فعل_مزيد,التفضيل_والمبالغة,0.0
tafaala_reflex,تَفَاعَل,فعل_مزيد,الكثرة_والجمع,0.0
tafaala_reflex,تَفَاعَل,فعل_مزيد,التحويل_الدلالي,0.7
tafaala_reflex,تَفَاعَل,فعل_مزيد,المصدر,0.0
tafaala_reflex,تَفَاعَل,فعل_مزيد,الجامد,0.0
faiil_attr,فَعِيل,صفة_مشبهة,الفاعلية,0.2
faiil_attr,فَعِيل,صفة_مشبهة,المفعولية,0.4
faiil_attr,فَعِيل,صفة_مشبهة,التعدية,0.0
faiil_attr,فَعِيل,صفة_مشبهة,اسم_المكان,0.0
faiil_attr,فَعِيل,صفة_مشبهة,اسم_الزمان,0.0
faiil_attr,فَعِيل,صفة_مشبهة,اسم_الآلة,0.0
faiil_attr,فَعِيل,صفة_مشبهة,النسبة,0.3
faiil_attr,فَعِيل,صفة_مشبهة,التفضيل_والمبالغة,0.6
faiil_attr,فَعِيل,صفة_مشبهة,الكثرة_والجمع,0.0
faiil_attr,فَعِيل,صفة_مشبهة,التحويل_الدلالي,0.0
faiil_attr,فَعِيل,صفة_مشبهة,المصدر,0.0
faiil_attr,فَعِيل,صفة_مشبهة,الجامد,0.1
fuayyil_dim,فُعَيِّل,تصغير,الفاعلية,0.0
fuayyil_dim,فُعَيِّل,تصغير,المفعولية,0.0
fuayyil_dim,فُعَيِّل,تصغير,التعدية,0.0
fuayyil_dim,فُعَيِّل,تصغير,اسم_المكان,0.0
fuayyil_dim,فُعَيِّل,تصغير,اسم_الزمان,0.0
fuayyil_dim,فُعَيِّل,تصغير,اسم_الآلة,0.0
fuayyil_dim,فُعَيِّل,تصغير,النسبة,0.0
fuayyil_dim,فُعَيِّل,تصغير,التفضيل_والمبالغة,0.7
fuayyil_dim,فُعَيِّل,تصغير,الكثرة_والجمع,0.0
fuayyil_dim,فُعَيِّل,تصغير,التحويل_الدلالي,0.3
fuayyil_dim,فُعَيِّل,تصغير,المصدر,0.0
fuayyil_dim,فُعَيِّل,تصغير,الجامد,0.3
afaal_plural,أَفْعَال,جمع_تكسير,الفاعلية,0.0
afaal_plural,أَفْعَال,جمع_تكسير,المفعولية,0.0
afaal_plural,أَفْعَال,جمع_تكسير,التعدية,0.0
afaal_plural,أَفْعَال,جمع_تكسير,اسم_المكان,0.0
afaal_plural,أَفْعَال,جمع_تكسير,اسم_الزمان,0.0
afaal_plural,أَفْعَال,جمع_تكسير,اسم_الآلة,0.0
afaal_plural,أَفْعَال,جمع_تكسير,النسبة,0.0
afaal_plural,أَفْعَال,جمع_تكسير,التفضيل_والمبالغة,0.0
afaal_plural,أَفْعَال,جمع_تكسير,الكثرة_والجمع,1.0
afaal_plural,أَفْعَال,جمع_تكسير,التحويل_الدلالي,0.1
afaal_plural,أَفْعَال,جمع_تكسير,المصدر,0.0
afaal_plural,أَفْعَال,جمع_تكسير,الجامد,0.0
fiaal_plural,فِعَال,جمع_تكسير,الفاعلية,0.0
fiaal_plural,فِعَال,جمع_تكسير,المفعولية,0.0
fiaal_plural,فِعَال,جمع_تكسير,التعدية,0.0
fiaal_plural,فِعَال,جمع_تكسير,اسم_المكان,0.0
fiaal_plural,فِعَال,جمع_تكسير,اسم_الزمان,0.0
fiaal_plural,فِعَال,جمع_تكسير,اسم_الآلة,0.0
fiaal_plural,فِعَال,جمع_تكسير,النسبة,0.0
fiaal_plural,فِعَال,جمع_تكسير,التفضيل_والمبالغة,0.0
fiaal_plural,فِعَال,جمع_تكسير,الكثرة_والجمع,1.0
fiaal_plural,فِعَال,جمع_تكسير,التحويل_الدلالي,0.1
fiaal_plural,فِعَال,جمع_تكسير,المصدر,0.0
fiaal_plural,فِعَال,جمع_تكسير,الجامد,0.0
fuuul_plural,فُعُول,جمع_تكسير,الفاعلية,0.0
fuuul_plural,فُعُول,جمع_تكسير,المفعولية,0.0
fuuul_plural,فُعُول,جمع_تكسير,التعدية,0.0
fuuul_plural,فُعُول,جمع_تكسير,اسم_المكان,0.0
fuuul_plural,فُعُول,جمع_تكسير,اسم_الزمان,0.0
fuuul_plural,فُعُول,جمع_تكسير,اسم_الآلة,0.0
fuuul_plural,فُعُول,جمع_تكسير,النسبة,0.0
fuuul_plural,فُعُول,جمع_تكسير,التفضيل_والمبالغة,0.0
fuuul_plural,فُعُول,جمع_تكسير,الكثرة_والجمع,1.0
fuuul_plural,فُعُول,جمع_تكسير,التحويل_الدلالي,0.1
fuuul_plural,فُعُول,جمع_تكسير,المصدر,0.0
fuuul_plural,فُعُول,جمع_تكسير,الجامد,0.0
fual_plural,فُعَل,جمع_تكسير,الفاعلية,0.0
fual_plural,فُعَل,جمع_تكسير,المفعولية,0.0
fual_plural,فُعَل,جمع_تكسير,التعدية,0.0
fual_plural,فُعَل,جمع_تكسير,اسم_المكان,0.0
fual_plural,فُعَل,جمع_تكسير,اسم_الزمان,0.0
fual_plural,فُعَل,جمع_تكسير,اسم_الآلة,0.0
fual_plural,فُعَل,جمع_تكسير,النسبة,0.0
fual_plural,فُعَل,جمع_تكسير,التفضيل_والمبالغة,0.0
fual_plural,فُعَل,جمع_تكسير,الكثرة_والجمع,1.0
fual_plural,فُعَل,جمع_تكسير,التحويل_الدلالي,0.1
fual_plural,فُعَل,جمع_تكسير,المصدر,0.0
fual_plural,فُعَل,جمع_تكسير,الجامد,0.0
nisba_yaa,فَعَلِيّ,صفة_منسوبة,الفاعلية,0.0
nisba_yaa,فَعَلِيّ,صفة_منسوبة,المفعولية,0.0
nisba_yaa,فَعَلِيّ,صفة_منسوبة,التعدية,0.0
nisba_yaa,فَعَلِيّ,صفة_منسوبة,اسم_المكان,0.3
nisba_yaa,فَعَلِيّ,صفة_منسوبة,اسم_الزمان,0.0
nisba_yaa,فَعَلِيّ,صفة_منسوبة,اسم_الآلة,0.0
nisba_yaa,فَعَلِيّ,صفة_منسوبة,النسبة,1.0
nisba_yaa,فَعَلِيّ,صفة_منسوبة,التفضيل_والمبالغة,0.2
nisba_yaa,فَعَلِيّ,صفة_منسوبة,الكثرة_والجمع,0.0
nisba_yaa,فَعَلِيّ,صفة_منسوبة,التحويل_الدلالي,0.1
nisba_yaa,فَعَلِيّ,صفة_منسوبة,المصدر,0.0
nisba_yaa,فَعَلِيّ,صفة_منسوبة,الجامد,0.2
mustafl_patient,مُسْتَفْعَل,اسم_مفعول,الفاعلية,0.0
mustafl_patient,مُسْتَفْعَل,اسم_مفعول,المفعولية,1.0
mustafl_patient,مُسْتَفْعَل,اسم_مفعول,التعدية,0.5
mustafl_patient,مُسْتَفْعَل,اسم_مفعول,اسم_المكان,0.0
mustafl_patient,مُسْتَفْعَل,اسم_مفعول,اسم_الزمان,0.0
mustafl_patient,مُسْتَفْعَل,اسم_مفعول,اسم_الآلة,0.0
mustafl_patient,مُسْتَفْعَل,اسم_مفعول,النسبة,0.0
mustafl_patient,مُسْتَفْعَل,اسم_مفعول,التفضيل_والمبالغة,0.0
mustafl_patient,مُسْتَفْعَل,اسم_مفعول,الكثرة_والجمع,0.0
mustafl_patient,مُسْتَفْعَل,اسم_مفعول,التحويل_الدلالي,0.8
mustafl_patient,مُسْتَفْعَل,اسم_مفعول,المصدر,0.0
mustafl_patient,مُسْتَفْعَل,اسم_مفعول,الجامد,0.0
mufaail_agent,مُفَاعِل,اسم_فاعل,الفاعلية,0.9
mufaail_agent,مُفَاعِل,اسم_فاعل,المفعولية,0.2
mufaail_agent,مُفَاعِل,اسم_فاعل,التعدية,0.4
mufaail_agent,مُفَاعِل,اسم_فاعل,اسم_المكان,0.0
mufaail_agent,مُفَاعِل,اسم_فاعل,اسم_الزمان,0.0
mufaail_agent,مُفَاعِل,اسم_فاعل,اسم_الآلة,0.1
mufaail_agent,مُفَاعِل,اسم_فاعل,النسبة,0.0
mufaail_agent,مُفَاعِل,اسم_فاعل,التفضيل_والمبالغة,0.1
mufaail_agent,مُفَاعِل,اسم_فاعل,الكثرة_والجمع,0.0
mufaail_agent,مُفَاعِل,اسم_فاعل,التحويل_الدلالي,0.3
mufaail_agent,مُفَاعِل,اسم_فاعل,المصدر,0.0
mufaail_agent,مُفَاعِل,اسم_فاعل,الجامد,0.0
fiaala_masdar_craft,فِعَالَة,مصدر_حرفة,الفاعلية,0.2
fiaala_masdar_craft,فِعَالَة,مصدر_حرفة,المفعولية,0.0
fiaala_masdar_craft,فِعَالَة,مصدر_حرفة,التعدية,0.0
fiaala_masdar_craft,فِعَالَة,مصدر_حرفة,اسم_المكان,0.0
fiaala_masdar_craft,فِعَالَة,مصدر_حرفة,اسم_الزمان,0.0
fiaala_masdar_craft,فِعَالَة,مصدر_حرفة,اسم_الآلة,0.2
fiaala_masdar_craft,فِعَالَة,مصدر_حرفة,النسبة,0.3
fiaala_masdar_craft,فِعَالَة,مصدر_حرفة,التفضيل_والمبالغة,0.0
fiaala_masdar_craft,فِعَالَة,مصدر_حرفة,الكثرة_والجمع,0.0
fiaala_masdar_craft,فِعَالَة,مصدر_حرفة,التحويل_الدلالي,0.0
fiaala_masdar_craft,فِعَالَة,مصدر_حرفة,المصدر,1.0
fiaala_masdar_craft,فِعَالَة,مصدر_حرفة,الجامد,0.0
faala_verb_base,فَعَل,فعل_ثلاثي_مجرد,الفاعلية,0.7
faala_verb_base,فَعَل,فعل_ثلاثي_مجرد,المفعولية,0.2
faala_verb_base,فَعَل,فعل_ثلاثي_مجرد,التعدية,0.3
faala_verb_base,فَعَل,فعل_ثلاثي_مجرد,اسم_المكان,0.0
faala_verb_base,فَعَل,فعل_ثلاثي_مجرد,اسم_الزمان,0.0
faala_verb_base,فَعَل,فعل_ثلاثي_مجرد,اسم_الآلة,0.0
faala_verb_base,فَعَل,فعل_ثلاثي_مجرد,النسبة,0.0
faala_verb_base,فَعَل,فعل_ثلاثي_مجرد,التفضيل_والمبالغة,0.0
faala_verb_base,فَعَل,فعل_ثلاثي_مجرد,الكثرة_والجمع,0.0
faala_verb_base,فَعَل,فعل_ثلاثي_مجرد,التحويل_الدلالي,0.4
faala_verb_base,فَعَل,فعل_ثلاثي_مجرد,المصدر,0.2
faala_verb_base,فَعَل,فعل_ثلاثي_مجرد,الجامد,0.1
faila_verb_state,فَعِل,فعل_حالة,الفاعلية,0.3
faila_verb_state,فَعِل,فعل_حالة,المفعولية,0.4
faila_verb_state,فَعِل,فعل_حالة,التعدية,0.0
faila_verb_state,فَعِل,فعل_حالة,اسم_المكان,0.0
faila_verb_state,فَعِل,فعل_حالة,اسم_الزمان,0.0
faila_verb_state,فَعِل,فعل_حالة,اسم_الآلة,0.0
faila_verb_state,فَعِل,فعل_حالة,النسبة,0.0
faila_verb_state,فَعِل,فعل_حالة,التفضيل_والمبالغة,0.3
faila_verb_state,فَعِل,فعل_حالة,الكثرة_والجمع,0.0
faila_verb_state,فَعِل,فعل_حالة,التحويل_الدلالي,0.5
faila_verb_state,فَعِل,فعل_حالة,المصدر,0.2
faila_verb_state,فَعِل,فعل_حالة,الجامد,0.1
faula_verb_quality,فَعُل,فعل_صفة_ثابتة,الفاعلية,0.1
faula_verb_quality,فَعُل,فعل_صفة_ثابتة,المفعولية,0.0
faula_verb_quality,فَعُل,فعل_صفة_ثابتة,التعدية,0.0
faula_verb_quality,فَعُل,فعل_صفة_ثابتة,اسم_المكان,0.0
faula_verb_quality,فَعُل,فعل_صفة_ثابتة,اسم_الزمان,0.0
faula_verb_quality,فَعُل,فعل_صفة_ثابتة,اسم_الآلة,0.0
faula_verb_quality,فَعُل,فعل_صفة_ثابتة,النسبة,0.0
faula_verb_quality,فَعُل,فعل_صفة_ثابتة,التفضيل_والمبالغة,0.5
faula_verb_quality,فَعُل,فعل_صفة_ثابتة,الكثرة_والجمع,0.0
faula_verb_quality,فَعُل,فعل_صفة_ثابتة,التحويل_الدلالي,0.6
faula_verb_quality,فَعُل,فعل_صفة_ثابتة,المصدر,0.3
faula_verb_quality,فَعُل,فعل_صفة_ثابتة,الجامد,0.2
faal_noun,فَعْل,اسم_جامد,الفاعلية,0.0
faal_noun,فَعْل,اسم_جامد,المفعولية,0.0
faal_noun,فَعْل,اسم_جامد,التعدية,0.0
faal_noun,فَعْل,اسم_جامد,اسم_المكان,0.0
faal_noun,فَعْل,اسم_جامد,اسم_الزمان,0.0
faal_noun,فَعْل,اسم_جامد,اسم_الآلة,0.0
faal_noun,فَعْل,اسم_جامد,النسبة,0.0
faal_noun,فَعْل,اسم_جامد,التفضيل_والمبالغة,0.0
faal_noun,فَعْل,اسم_جامد,الكثرة_والجمع,0.0
faal_noun,فَعْل,اسم_جامد,التحويل_الدلالي,0.0
faal_noun,فَعْل,اسم_جامد,المصدر,0.4
faal_noun,فَعْل,اسم_جامد,الجامد,0.6
fial_noun,فِعْل,اسم_جامد,الفاعلية,0.0
fial_noun,فِعْل,اسم_جامد,المفعولية,0.0
fial_noun,فِعْل,اسم_جامد,التعدية,0.0
fial_noun,فِعْل,اسم_جامد,اسم_المكان,0.0
fial_noun,فِعْل,اسم_جامد,اسم_الزمان,0.0
fial_noun,فِعْل,اسم_جامد,اسم_الآلة,0.0
fial_noun,فِعْل,اسم_جامد,النسبة,0.0
fial_noun,فِعْل,اسم_جامد,التفضيل_والمبالغة,0.0
fial_noun,فِعْل,اسم_جامد,الكثرة_والجمع,0.0
fial_noun,فِعْل,اسم_جامد,التحويل_الدلالي,0.0
fial_noun,فِعْل,اسم_جامد,المصدر,0.4
fial_noun,فِعْل,اسم_جامد,الجامد,0.6
fual_simple,فُعْل,اسم_جامد,الفاعلية,0.0
fual_simple,فُعْل,اسم_جامد,المفعولية,0.0
fual_simple,فُعْل,اسم_جامد,التعدية,0.0
fual_simple,فُعْل,اسم_جامد,اسم_المكان,0.0
fual_simple,فُعْل,اسم_جامد,اسم_الزمان,0.0
fual_simple,فُعْل,اسم_جامد,اسم_الآلة,0.0
fual_simple,فُعْل,اسم_جامد,النسبة,0.0
fual_simple,فُعْل,اسم_جامد,التفضيل_والمبالغة,0.0
fual_simple,فُعْل,اسم_جامد,الكثرة_والجمع,0.0
fual_simple,فُعْل,اسم_جامد,التحويل_الدلالي,0.0
fual_simple,فُعْل,اسم_جامد,المصدر,0.3
fual_simple,فُعْل,اسم_جامد,الجامد,0.7
fuul_plural_alt,فُعُل,جمع_تكسير,الفاعلية,0.0
fuul_plural_alt,فُعُل,جمع_تكسير,المفعولية,0.0
fuul_plural_alt,فُعُل,جمع_تكسير,التعدية,0.0
fuul_plural_alt,فُعُل,جمع_تكسير,اسم_المكان,0.0
fuul_plural_alt,فُعُل,جمع_تكسير,اسم_الزمان,0.0
fuul_plural_alt,فُعُل,جمع_تكسير,اسم_الآلة,0.0
fuul_plural_alt,فُعُل,جمع_تكسير,النسبة,0.0
fuul_plural_alt,فُعُل,جمع_تكسير,التفضيل_والمبالغة,0.0
fuul_plural_alt,فُعُل,جمع_تكسير,الكثرة_والجمع,1.0
fuul_plural_alt,فُعُل,جمع_تكسير,التحويل_الدلالي,0.1
fuul_plural_alt,فُعُل,جمع_تكسير,المصدر,0.0
fuul_plural_alt,فُعُل,جمع_تكسير,الجامد,0.0
fial_plural,فِعَل,جمع_تكسير,الفاعلية,0.0
fial_plural,فِعَل,جمع_تكسير,المفعولية,0.0
fial_plural,فِعَل,جمع_تكسير,التعدية,0.0
fial_plural,فِعَل,جمع_تكسير,اسم_المكان,0.0
fial_plural,فِعَل,جمع_تكسير,اسم_الزمان,0.0
fial_plural,فِعَل,جمع_تكسير,اسم_الآلة,0.0
fial_plural,فِعَل,جمع_تكسير,النسبة,0.0
fial_plural,فِعَل,جمع_تكسير,التفضيل_والمبالغة,0.0
fial_plural,فِعَل,جمع_تكسير,الكثرة_والجمع,1.0
fial_plural,فِعَل,جمع_تكسير,التحويل_الدلالي,0.0
fial_plural,فِعَل,جمع_تكسير,المصدر,0.1
fial_plural,فِعَل,جمع_تكسير,الجامد,0.1
afaal_verb,أَفْعَل,فعل_تعدية,الفاعلية,0.6
afaal_verb,أَفْعَل,فعل_تعدية,المفعولية,0.0
afaal_verb,أَفْعَل,فعل_تعدية,التعدية,1.0
afaal_verb,أَفْعَل,فعل_تعدية,اسم_المكان,0.0
afaal_verb,أَفْعَل,فعل_تعدية,اسم_الزمان,0.0
afaal_verb,أَفْعَل,فعل_تعدية,اسم_الآلة,0.0
afaal_verb,أَفْعَل,فعل_تعدية,النسبة,0.0
afaal_verb,أَفْعَل,فعل_تعدية,التفضيل_والمبالغة,0.0
afaal_verb,أَفْعَل,فعل_تعدية,الكثرة_والجمع,0.0
afaal_verb,أَفْعَل,فعل_تعدية,التحويل_الدلالي,0.7
afaal_verb,أَفْعَل,فعل_تعدية,المصدر,0.0
afaal_verb,أَفْعَل,فعل_تعدية,الجامد,0.0
faaala_intensive_verb,فَعَّل,فعل_تكثير,الفاعلية,0.6
faaala_intensive_verb,فَعَّل,فعل_تكثير,المفعولية,0.0
faaala_intensive_verb,فَعَّل,فعل_تكثير,التعدية,0.7
faaala_intensive_verb,فَعَّل,فعل_تكثير,اسم_المكان,0.0
faaala_intensive_verb,فَعَّل,فعل_تكثير,اسم_الزمان,0.0
faaala_intensive_verb,فَعَّل,فعل_تكثير,اسم_الآلة,0.0
faaala_intensive_verb,فَعَّل,فعل_تكثير,النسبة,0.0
faaala_intensive_verb,فَعَّل,فعل_تكثير,التفضيل_والمبالغة,0.3
faaala_intensive_verb,فَعَّل,فعل_تكثير,الكثرة_والجمع,0.4
faaala_intensive_verb,فَعَّل,فعل_تكثير,التحويل_الدلالي,0.8
faaala_intensive_verb,فَعَّل,فعل_تكثير,المصدر,0.0
faaala_intensive_verb,فَعَّل,فعل_تكثير,الجامد,0.0
faaala_verb_form3,فَاعَل,فعل_مفاعلة,الفاعلية,0.6
faaala_verb_form3,فَاعَل,فعل_مفاعلة,المفعولية,0.4
faaala_verb_form3,فَاعَل,فعل_مفاعلة,التعدية,0.3
faaala_verb_form3,فَاعَل,فعل_مفاعلة,اسم_المكان,0.0
faaala_verb_form3,فَاعَل,فعل_مفاعلة,اسم_الزمان,0.0
faaala_verb_form3,فَاعَل,فعل_مفاعلة,اسم_الآلة,0.0
faaala_verb_form3,فَاعَل,فعل_مفاعلة,النسبة,0.0
faaala_verb_form3,فَاعَل,فعل_مفاعلة,التفضيل_والمبالغة,0.0
faaala_verb_form3,فَاعَل,فعل_مفاعلة,الكثرة_والجمع,0.0
faaala_verb_form3,فَاعَل,فعل_مفاعلة,التحويل_الدلالي,0.6
faaala_verb_form3,فَاعَل,فعل_مفاعلة,المصدر,0.0
faaala_verb_form3,فَاعَل,فعل_مفاعلة,الجامد,0.0
tafaaala_form5,تَفَعَّل,فعل_تفعّل,الفاعلية,0.5
tafaaala_form5,تَفَعَّل,فعل_تفعّل,المفعولية,0.4
tafaaala_form5,تَفَعَّل,فعل_تفعّل,التعدية,0.0
tafaaala_form5,تَفَعَّل,فعل_تفعّل,اسم_المكان,0.0
tafaaala_form5,تَفَعَّل,فعل_تفعّل,اسم_الزمان,0.0
tafaaala_form5,تَفَعَّل,فعل_تفعّل,اسم_الآلة,0.0
tafaaala_form5,تَفَعَّل,فعل_تفعّل,النسبة,0.0
tafaaala_form5,تَفَعَّل,فعل_تفعّل,التفضيل_والمبالغة,0.0
tafaaala_form5,تَفَعَّل,فعل_تفعّل,الكثرة_والجمع,0.2
tafaaala_form5,تَفَعَّل,فعل_تفعّل,التحويل_الدلالي,0.9
tafaaala_form5,تَفَعَّل,فعل_تفعّل,المصدر,0.0
tafaaala_form5,تَفَعَّل,فعل_تفعّل,الجامد,0.0
infaala_form7,إِنْفَعَل,فعل_انفعال,الفاعلية,0.1
infaala_form7,إِنْفَعَل,فعل_انفعال,المفعولية,0.9
infaala_form7,إِنْفَعَل,فعل_انفعال,التعدية,0.0
infaala_form7,إِنْفَعَل,فعل_انفعال,اسم_المكان,0.0
infaala_form7,إِنْفَعَل,فعل_انفعال,اسم_الزمان,0.0
infaala_form7,إِنْفَعَل,فعل_انفعال,اسم_الآلة,0.0
infaala_form7,إِنْفَعَل,فعل_انفعال,النسبة,0.0
infaala_form7,إِنْفَعَل,فعل_انفعال,التفضيل_والمبالغة,0.0
infaala_form7,إِنْفَعَل,فعل_انفعال,الكثرة_والجمع,0.0
infaala_form7,إِنْفَعَل,فعل_انفعال,التحويل_الدلالي,0.9
infaala_form7,إِنْفَعَل,فعل_انفعال,المصدر,0.0
infaala_form7,إِنْفَعَل,فعل_انفعال,الجامد,0.0
iftaala_form8,إِفْتَعَل,فعل_افتعال,الفاعلية,0.6
iftaala_form8,إِفْتَعَل,فعل_افتعال,المفعولية,0.3
iftaala_form8,إِفْتَعَل,فعل_افتعال,التعدية,0.0
iftaala_form8,إِفْتَعَل,فعل_افتعال,اسم_المكان,0.0
iftaala_form8,إِفْتَعَل,فعل_افتعال,اسم_الزمان,0.0
iftaala_form8,إِفْتَعَل,فعل_افتعال,اسم_الآلة,0.0
iftaala_form8,إِفْتَعَل,فعل_افتعال,النسبة,0.0
iftaala_form8,إِفْتَعَل,فعل_افتعال,التفضيل_والمبالغة,0.0
iftaala_form8,إِفْتَعَل,فعل_افتعال,الكثرة_والجمع,0.0
iftaala_form8,إِفْتَعَل,فعل_افتعال,التحويل_الدلالي,0.8
iftaala_form8,إِفْتَعَل,فعل_افتعال,المصدر,0.0
iftaala_form8,إِفْتَعَل,فعل_افتعال,الجامد,0.0
yafal_present,يَفْعَل,مضارع,الفاعلية,0.6
yafal_present,يَفْعَل,مضارع,المفعولية,0.2
yafal_present,يَفْعَل,مضارع,التعدية,0.2
yafal_present,يَفْعَل,مضارع,اسم_المكان,0.0
yafal_present,يَفْعَل,مضارع,اسم_الزمان,0.3
yafal_present,يَفْعَل,مضارع,اسم_الآلة,0.0
yafal_present,يَفْعَل,مضارع,النسبة,0.0
yafal_present,يَفْعَل,مضارع,التفضيل_والمبالغة,0.0
yafal_present,يَفْعَل,مضارع,الكثرة_والجمع,0.0
yafal_present,يَفْعَل,مضارع,التحويل_الدلالي,0.3
yafal_present,يَفْعَل,مضارع,المصدر,0.0
yafal_present,يَفْعَل,مضارع,الجامد,0.0
yafil_present,يَفْعِل,مضارع,الفاعلية,0.6
yafil_present,يَفْعِل,مضارع,المفعولية,0.2
yafil_present,يَفْعِل,مضارع,التعدية,0.2
yafil_present,يَفْعِل,مضارع,اسم_المكان,0.0
yafil_present,يَفْعِل,مضارع,اسم_الزمان,0.3
yafil_present,يَفْعِل,مضارع,اسم_الآلة,0.0
yafil_present,يَفْعِل,مضارع,النسبة,0.0
yafil_present,يَفْعِل,مضارع,التفضيل_والمبالغة,0.0
yafil_present,يَفْعِل,مضارع,الكثرة_والجمع,0.0
yafil_present,يَفْعِل,مضارع,التحويل_الدلالي,0.3
yafil_present,يَفْعِل,مضارع,المصدر,0.0
yafil_present,يَفْعِل,مضارع,الجامد,0.0
yaful_present,يَفْعُل,مضارع,الفاعلية,0.6
yaful_present,يَفْعُل,مضارع,المفعولية,0.2
yaful_present,يَفْعُل,مضارع,التعدية,0.2
yaful_present,يَفْعُل,مضارع,اسم_المكان,0.0
yaful_present,يَفْعُل,مضارع,اسم_الزمان,0.3
yaful_present,يَفْعُل,مضارع,اسم_الآلة,0.0
yaful_present,يَفْعُل,مضارع,النسبة,0.0
yaful_present,يَفْعُل,مضارع,التفضيل_والمبالغة,0.0
yaful_present,يَفْعُل,مضارع,الكثرة_والجمع,0.0
yaful_present,يَفْعُل,مضارع,التحويل_الدلالي,0.3
yaful_present,يَفْعُل,مضارع,المصدر,0.0
yaful_present,يَفْعُل,مضارع,الجامد,0.0
yufil_present,يُفْعِل,مضارع_تعدية,الفاعلية,0.5
yufil_present,يُفْعِل,مضارع_تعدية,المفعولية,0.0
yufil_present,يُفْعِل,مضارع_تعدية,التعدية,0.9
yufil_present,يُفْعِل,مضارع_تعدية,اسم_المكان,0.0
yufil_present,يُفْعِل,مضارع_تعدية,اسم_الزمان,0.3
yufil_present,يُفْعِل,مضارع_تعدية,اسم_الآلة,0.0
yufil_present,يُفْعِل,مضارع_تعدية,النسبة,0.0
yufil_present,يُفْعِل,مضارع_تعدية,التفضيل_والمبالغة,0.0
yufil_present,يُفْعِل,مضارع_تعدية,الكثرة_والجمع,0.0
yufil_present,يُفْعِل,مضارع_تعدية,التحويل_الدلالي,0.6
yufil_present,يُفْعِل,مضارع_تعدية,المصدر,0.0
yufil_present,يُفْعِل,مضارع_تعدية,الجامد,0.0
yufaaeel_present,يُفَعِّل,مضارع_تكثير,الفاعلية,0.5
yufaaeel_present,يُفَعِّل,مضارع_تكثير,المفعولية,0.0
yufaaeel_present,يُفَعِّل,مضارع_تكثير,التعدية,0.6
yufaaeel_present,يُفَعِّل,مضارع_تكثير,اسم_المكان,0.0
yufaaeel_present,يُفَعِّل,مضارع_تكثير,اسم_الزمان,0.3
yufaaeel_present,يُفَعِّل,مضارع_تكثير,اسم_الآلة,0.0
yufaaeel_present,يُفَعِّل,مضارع_تكثير,النسبة,0.0
yufaaeel_present,يُفَعِّل,مضارع_تكثير,التفضيل_والمبالغة,0.3
yufaaeel_present,يُفَعِّل,مضارع_تكثير,الكثرة_والجمع,0.4
yufaaeel_present,يُفَعِّل,مضارع_تكثير,التحويل_الدلالي,0.7
yufaaeel_present,يُفَعِّل,مضارع_تكثير,المصدر,0.0
yufaaeel_present,يُفَعِّل,مضارع_تكثير,الجامد,0.0
yufaaeel_passive,يُفْعَل,مضارع_مجهول,الفاعلية,0.0
yufaaeel_passive,يُفْعَل,مضارع_مجهول,المفعولية,0.9
yufaaeel_passive,يُفْعَل,مضارع_مجهول,التعدية,0.0
yufaaeel_passive,يُفْعَل,مضارع_مجهول,اسم_المكان,0.0
yufaaeel_passive,يُفْعَل,مضارع_مجهول,اسم_الزمان,0.3
yufaaeel_passive,يُفْعَل,مضارع_مجهول,اسم_الآلة,0.0
yufaaeel_passive,يُفْعَل,مضارع_مجهول,النسبة,0.0
yufaaeel_passive,يُفْعَل,مضارع_مجهول,التفضيل_والمبالغة,0.0
yufaaeel_passive,يُفْعَل,مضارع_مجهول,الكثرة_والجمع,0.0
yufaaeel_passive,يُفْعَل,مضارع_مجهول,التحويل_الدلالي,0.5
yufaaeel_passive,يُفْعَل,مضارع_مجهول,المصدر,0.0
yufaaeel_passive,يُفْعَل,مضارع_مجهول,الجامد,0.0
yatafaaeel_present,يَتَفَعَّل,مضارع_تفعّل,الفاعلية,0.5
yatafaaeel_present,يَتَفَعَّل,مضارع_تفعّل,المفعولية,0.4
yatafaaeel_present,يَتَفَعَّل,مضارع_تفعّل,التعدية,0.0
yatafaaeel_present,يَتَفَعَّل,مضارع_تفعّل,اسم_المكان,0.0
yatafaaeel_present,يَتَفَعَّل,مضارع_تفعّل,اسم_الزمان,0.3
yatafaaeel_present,يَتَفَعَّل,مضارع_تفعّل,اسم_الآلة,0.0
yatafaaeel_present,يَتَفَعَّل,مضارع_تفعّل,النسبة,0.0
yatafaaeel_present,يَتَفَعَّل,مضارع_تفعّل,التفضيل_والمبالغة,0.0
yatafaaeel_present,يَتَفَعَّل,مضارع_تفعّل,الكثرة_والجمع,0.2
yatafaaeel_present,يَتَفَعَّل,مضارع_تفعّل,التحويل_الدلالي,0.9
yatafaaeel_present,يَتَفَعَّل,مضارع_تفعّل,المصدر,0.0
yatafaaeel_present,يَتَفَعَّل,مضارع_تفعّل,الجامد,0.0
yatafaaaeel_present,يَتَفَاعَل,مضارع_تفاعل,الفاعلية,0.5
yatafaaaeel_present,يَتَفَاعَل,مضارع_تفاعل,المفعولية,0.5
yatafaaaeel_present,يَتَفَاعَل,مضارع_تفاعل,التعدية,0.0
yatafaaaeel_present,يَتَفَاعَل,مضارع_تفاعل,اسم_المكان,0.0
yatafaaaeel_present,يَتَفَاعَل,مضارع_تفاعل,اسم_الزمان,0.3
yatafaaaeel_present,يَتَفَاعَل,مضارع_تفاعل,اسم_الآلة,0.0
yatafaaaeel_present,يَتَفَاعَل,مضارع_تفاعل,النسبة,0.0
yatafaaaeel_present,يَتَفَاعَل,مضارع_تفاعل,التفضيل_والمبالغة,0.0
yatafaaaeel_present,يَتَفَاعَل,مضارع_تفاعل,الكثرة_والجمع,0.3
yatafaaaeel_present,يَتَفَاعَل,مضارع_تفاعل,التحويل_الدلالي,0.8
yatafaaaeel_present,يَتَفَاعَل,مضارع_تفاعل,المصدر,0.0
yatafaaaeel_present,يَتَفَاعَل,مضارع_تفاعل,الجامد,0.0
yastafaeel_present,يَسْتَفْعِل,مضارع_استفعال,الفاعلية,0.7
yastafaeel_present,يَسْتَفْعِل,مضارع_استفعال,المفعولية,0.2
yastafaeel_present,يَسْتَفْعِل,مضارع_استفعال,التعدية,0.4
yastafaeel_present,يَسْتَفْعِل,مضارع_استفعال,اسم_المكان,0.0
yastafaeel_present,يَسْتَفْعِل,مضارع_استفعال,اسم_الزمان,0.3
yastafaeel_present,يَسْتَفْعِل,مضارع_استفعال,اسم_الآلة,0.0
yastafaeel_present,يَسْتَفْعِل,مضارع_استفعال,النسبة,0.0
yastafaeel_present,يَسْتَفْعِل,مضارع_استفعال,التفضيل_والمبالغة,0.0
yastafaeel_present,يَسْتَفْعِل,مضارع_استفعال,الكثرة_والجمع,0.0
yastafaeel_present,يَسْتَفْعِل,مضارع_استفعال,التحويل_الدلالي,1.0
yastafaeel_present,يَسْتَفْعِل,مضارع_استفعال,المصدر,0.0
yastafaeel_present,يَسْتَفْعِل,مضارع_استفعال,الجامد,0.0
yufaaeel_form3,يُفَاعِل,مضارع_مفاعلة,الفاعلية,0.7
yufaaeel_form3,يُفَاعِل,مضارع_مفاعلة,المفعولية,0.3
yufaaeel_form3,يُفَاعِل,مضارع_مفاعلة,التعدية,0.3
yufaaeel_form3,يُفَاعِل,مضارع_مفاعلة,اسم_المكان,0.0
yufaaeel_form3,يُفَاعِل,مضارع_مفاعلة,اسم_الزمان,0.3
yufaaeel_form3,يُفَاعِل,مضارع_مفاعلة,اسم_الآلة,0.0
yufaaeel_form3,يُفَاعِل,مضارع_مفاعلة,النسبة,0.0
yufaaeel_form3,يُفَاعِل,مضارع_مفاعلة,التفضيل_والمبالغة,0.0
yufaaeel_form3,يُفَاعِل,مضارع_مفاعلة,الكثرة_والجمع,0.0
yufaaeel_form3,يُفَاعِل,مضارع_مفاعلة,التحويل_الدلالي,0.5
yufaaeel_form3,يُفَاعِل,مضارع_مفاعلة,المصدر,0.0
yufaaeel_form3,يُفَاعِل,مضارع_مفاعلة,الجامد,0.0
tafal_present,تَفْعَل,مضارع,الفاعلية,0.5
tafal_present,تَفْعَل,مضارع,المفعولية,0.2
tafal_present,تَفْعَل,مضارع,التعدية,0.1
tafal_present,تَفْعَل,مضارع,اسم_المكان,0.0
tafal_present,تَفْعَل,مضارع,اسم_الزمان,0.3
tafal_present,تَفْعَل,مضارع,اسم_الآلة,0.0
tafal_present,تَفْعَل,مضارع,النسبة,0.0
tafal_present,تَفْعَل,مضارع,التفضيل_والمبالغة,0.0
tafal_present,تَفْعَل,مضارع,الكثرة_والجمع,0.0
tafal_present,تَفْعَل,مضارع,التحويل_الدلالي,0.3
tafal_present,تَفْعَل,مضارع,المصدر,0.0
tafal_present,تَفْعَل,مضارع,الجامد,0.0
tafil_present,تَفْعِل,مضارع,الفاعلية,0.5
tafil_present,تَفْعِل,مضارع,المفعولية,0.2
tafil_present,تَفْعِل,مضارع,التعدية,0.1
tafil_present,تَفْعِل,مضارع,اسم_المكان,0.0
tafil_present,تَفْعِل,مضارع,اسم_الزمان,0.3
tafil_present,تَفْعِل,مضارع,اسم_الآلة,0.0
tafil_present,تَفْعِل,مضارع,النسبة,0.0
tafil_present,تَفْعِل,مضارع,التفضيل_والمبالغة,0.0
tafil_present,تَفْعِل,مضارع,الكثرة_والجمع,0.0
tafil_present,تَفْعِل,مضارع,التحويل_الدلالي,0.3
tafil_present,تَفْعِل,مضارع,المصدر,0.0
tafil_present,تَفْعِل,مضارع,الجامد,0.0
taful_present,تَفْعُل,مضارع,الفاعلية,0.5
taful_present,تَفْعُل,مضارع,المفعولية,0.2
taful_present,تَفْعُل,مضارع,التعدية,0.1
taful_present,تَفْعُل,مضارع,اسم_المكان,0.0
taful_present,تَفْعُل,مضارع,اسم_الزمان,0.3
taful_present,تَفْعُل,مضارع,اسم_الآلة,0.0
taful_present,تَفْعُل,مضارع,النسبة,0.0
taful_present,تَفْعُل,مضارع,التفضيل_والمبالغة,0.0
taful_present,تَفْعُل,مضارع,الكثرة_والجمع,0.0
taful_present,تَفْعُل,مضارع,التحويل_الدلالي,0.3
taful_present,تَفْعُل,مضارع,المصدر,0.0
taful_present,تَفْعُل,مضارع,الجامد,0.0
tufil_present,تُفْعِل,مضارع_مخاطب_تعدية,الفاعلية,0.5
tufil_present,تُفْعِل,مضارع_مخاطب_تعدية,المفعولية,0.0
tufil_present,تُفْعِل,مضارع_مخاطب_تعدية,التعدية,0.9
tufil_present,تُفْعِل,مضارع_مخاطب_تعدية,اسم_المكان,0.0
tufil_present,تُفْعِل,مضارع_مخاطب_تعدية,اسم_الزمان,0.3
tufil_present,تُفْعِل,مضارع_مخاطب_تعدية,اسم_الآلة,0.0
tufil_present,تُفْعِل,مضارع_مخاطب_تعدية,النسبة,0.0
tufil_present,تُفْعِل,مضارع_مخاطب_تعدية,التفضيل_والمبالغة,0.0
tufil_present,تُفْعِل,مضارع_مخاطب_تعدية,الكثرة_والجمع,0.0
tufil_present,تُفْعِل,مضارع_مخاطب_تعدية,التحويل_الدلالي,0.6
tufil_present,تُفْعِل,مضارع_مخاطب_تعدية,المصدر,0.0
tufil_present,تُفْعِل,مضارع_مخاطب_تعدية,الجامد,0.0
tufaaeel_present,تُفَعِّل,مضارع_مخاطب_تكثير,الفاعلية,0.5
tufaaeel_present,تُفَعِّل,مضارع_مخاطب_تكثير,المفعولية,0.0
tufaaeel_present,تُفَعِّل,مضارع_مخاطب_تكثير,التعدية,0.6
tufaaeel_present,تُفَعِّل,مضارع_مخاطب_تكثير,اسم_المكان,0.0
tufaaeel_present,تُفَعِّل,مضارع_مخاطب_تكثير,اسم_الزمان,0.3
tufaaeel_present,تُفَعِّل,مضارع_مخاطب_تكثير,اسم_الآلة,0.0
tufaaeel_present,تُفَعِّل,مضارع_مخاطب_تكثير,النسبة,0.0
tufaaeel_present,تُفَعِّل,مضارع_مخاطب_تكثير,التفضيل_والمبالغة,0.0
tufaaeel_present,تُفَعِّل,مضارع_مخاطب_تكثير,الكثرة_والجمع,0.0
tufaaeel_present,تُفَعِّل,مضارع_مخاطب_تكثير,التحويل_الدلالي,0.7
tufaaeel_present,تُفَعِّل,مضارع_مخاطب_تكثير,المصدر,0.0
tufaaeel_present,تُفَعِّل,مضارع_مخاطب_تكثير,الجامد,0.0
tastafeel_present,تَسْتَفْعِل,مضارع_مخاطب_استفعال,الفاعلية,0.7
tastafeel_present,تَسْتَفْعِل,مضارع_مخاطب_استفعال,المفعولية,0.2
tastafeel_present,تَسْتَفْعِل,مضارع_مخاطب_استفعال,التعدية,0.4
tastafeel_present,تَسْتَفْعِل,مضارع_مخاطب_استفعال,اسم_المكان,0.0
tastafeel_present,تَسْتَفْعِل,مضارع_مخاطب_استفعال,اسم_الزمان,0.3
tastafeel_present,تَسْتَفْعِل,مضارع_مخاطب_استفعال,اسم_الآلة,0.0
tastafeel_present,تَسْتَفْعِل,مضارع_مخاطب_استفعال,النسبة,0.0
tastafeel_present,تَسْتَفْعِل,مضارع_مخاطب_استفعال,التفضيل_والمبالغة,0.0
tastafeel_present,تَسْتَفْعِل,مضارع_مخاطب_استفعال,الكثرة_والجمع,0.0
tastafeel_present,تَسْتَفْعِل,مضارع_مخاطب_استفعال,التحويل_الدلالي,1.0
tastafeel_present,تَسْتَفْعِل,مضارع_مخاطب_استفعال,المصدر,0.0
tastafeel_present,تَسْتَفْعِل,مضارع_مخاطب_استفعال,الجامد,0.0
nafal_present,نَفْعَل,مضارع_متكلّمين,الفاعلية,0.6
nafal_present,نَفْعَل,مضارع_متكلّمين,المفعولية,0.2
nafal_present,نَفْعَل,مضارع_متكلّمين,التعدية,0.2
nafal_present,نَفْعَل,مضارع_متكلّمين,اسم_المكان,0.0
nafal_present,نَفْعَل,مضارع_متكلّمين,اسم_الزمان,0.3
nafal_present,نَفْعَل,مضارع_متكلّمين,اسم_الآلة,0.0
nafal_present,نَفْعَل,مضارع_متكلّمين,النسبة,0.0
nafal_present,نَفْعَل,مضارع_متكلّمين,التفضيل_والمبالغة,0.0
nafal_present,نَفْعَل,مضارع_متكلّمين,الكثرة_والجمع,0.0
nafal_present,نَفْعَل,مضارع_متكلّمين,التحويل_الدلالي,0.3
nafal_present,نَفْعَل,مضارع_متكلّمين,المصدر,0.0
nafal_present,نَفْعَل,مضارع_متكلّمين,الجامد,0.0
nafil_present,نَفْعِل,مضارع_متكلّمين,الفاعلية,0.6
nafil_present,نَفْعِل,مضارع_متكلّمين,المفعولية,0.2
nafil_present,نَفْعِل,مضارع_متكلّمين,التعدية,0.2
nafil_present,نَفْعِل,مضارع_متكلّمين,اسم_المكان,0.0
nafil_present,نَفْعِل,مضارع_متكلّمين,اسم_الزمان,0.3
nafil_present,نَفْعِل,مضارع_متكلّمين,اسم_الآلة,0.0
nafil_present,نَفْعِل,مضارع_متكلّمين,النسبة,0.0
nafil_present,نَفْعِل,مضارع_متكلّمين,التفضيل_والمبالغة,0.0
nafil_present,نَفْعِل,مضارع_متكلّمين,الكثرة_والجمع,0.0
nafil_present,نَفْعِل,مضارع_متكلّمين,التحويل_الدلالي,0.3
nafil_present,نَفْعِل,مضارع_متكلّمين,المصدر,0.0
nafil_present,نَفْعِل,مضارع_متكلّمين,الجامد,0.0
naful_present,نَفْعُل,مضارع_متكلّمين,الفاعلية,0.6
naful_present,نَفْعُل,مضارع_متكلّمين,المفعولية,0.2
naful_present,نَفْعُل,مضارع_متكلّمين,التعدية,0.2
naful_present,نَفْعُل,مضارع_متكلّمين,اسم_المكان,0.0
naful_present,نَفْعُل,مضارع_متكلّمين,اسم_الزمان,0.3
naful_present,نَفْعُل,مضارع_متكلّمين,اسم_الآلة,0.0
naful_present,نَفْعُل,مضارع_متكلّمين,النسبة,0.0
naful_present,نَفْعُل,مضارع_متكلّمين,التفضيل_والمبالغة,0.0
naful_present,نَفْعُل,مضارع_متكلّمين,الكثرة_والجمع,0.0
naful_present,نَفْعُل,مضارع_متكلّمين,التحويل_الدلالي,0.3
naful_present,نَفْعُل,مضارع_متكلّمين,المصدر,0.0
naful_present,نَفْعُل,مضارع_متكلّمين,الجامد,0.0
nufil_present,نُفْعِل,مضارع_متكلّمين_تعدية,الفاعلية,0.5
nufil_present,نُفْعِل,مضارع_متكلّمين_تعدية,المفعولية,0.0
nufil_present,نُفْعِل,مضارع_متكلّمين_تعدية,التعدية,0.9
nufil_present,نُفْعِل,مضارع_متكلّمين_تعدية,اسم_المكان,0.0
nufil_present,نُفْعِل,مضارع_متكلّمين_تعدية,اسم_الزمان,0.3
nufil_present,نُفْعِل,مضارع_متكلّمين_تعدية,اسم_الآلة,0.0
nufil_present,نُفْعِل,مضارع_متكلّمين_تعدية,النسبة,0.0
nufil_present,نُفْعِل,مضارع_متكلّمين_تعدية,التفضيل_والمبالغة,0.0
nufil_present,نُفْعِل,مضارع_متكلّمين_تعدية,الكثرة_والجمع,0.0
nufil_present,نُفْعِل,مضارع_متكلّمين_تعدية,التحويل_الدلالي,0.6
nufil_present,نُفْعِل,مضارع_متكلّمين_تعدية,المصدر,0.0
nufil_present,نُفْعِل,مضارع_متكلّمين_تعدية,الجامد,0.0
nufaaeel_present,نُفَعِّل,مضارع_متكلّمين_تكثير,الفاعلية,0.5
nufaaeel_present,نُفَعِّل,مضارع_متكلّمين_تكثير,المفعولية,0.0
nufaaeel_present,نُفَعِّل,مضارع_متكلّمين_تكثير,التعدية,0.6
nufaaeel_present,نُفَعِّل,مضارع_متكلّمين_تكثير,اسم_المكان,0.0
nufaaeel_present,نُفَعِّل,مضارع_متكلّمين_تكثير,اسم_الزمان,0.3
nufaaeel_present,نُفَعِّل,مضارع_متكلّمين_تكثير,اسم_الآلة,0.0
nufaaeel_present,نُفَعِّل,مضارع_متكلّمين_تكثير,النسبة,0.0
nufaaeel_present,نُفَعِّل,مضارع_متكلّمين_تكثير,التفضيل_والمبالغة,0.3
nufaaeel_present,نُفَعِّل,مضارع_متكلّمين_تكثير,الكثرة_والجمع,0.4
nufaaeel_present,نُفَعِّل,مضارع_متكلّمين_تكثير,التحويل_الدلالي,0.7
nufaaeel_present,نُفَعِّل,مضارع_متكلّمين_تكثير,المصدر,0.0
nufaaeel_present,نُفَعِّل,مضارع_متكلّمين_تكثير,الجامد,0.0
ufeel_past_1sg,أَفَعَل,ماضٍ_متكلّم,الفاعلية,0.7
ufeel_past_1sg,أَفَعَل,ماضٍ_متكلّم,المفعولية,0.0
ufeel_past_1sg,أَفَعَل,ماضٍ_متكلّم,التعدية,0.4
ufeel_past_1sg,أَفَعَل,ماضٍ_متكلّم,اسم_المكان,0.0
ufeel_past_1sg,أَفَعَل,ماضٍ_متكلّم,اسم_الزمان,0.0
ufeel_past_1sg,أَفَعَل,ماضٍ_متكلّم,اسم_الآلة,0.0
ufeel_past_1sg,أَفَعَل,ماضٍ_متكلّم,النسبة,0.0
ufeel_past_1sg,أَفَعَل,ماضٍ_متكلّم,التفضيل_والمبالغة,0.0
ufeel_past_1sg,أَفَعَل,ماضٍ_متكلّم,الكثرة_والجمع,0.0
ufeel_past_1sg,أَفَعَل,ماضٍ_متكلّم,التحويل_الدلالي,0.5
ufeel_past_1sg,أَفَعَل,ماضٍ_متكلّم,المصدر,0.0
ufeel_past_1sg,أَفَعَل,ماضٍ_متكلّم,الجامد,0.0
uful_passive_past,أُفْعِل,ماضٍ_مجهول,الفاعلية,0.0
uful_passive_past,أُفْعِل,ماضٍ_مجهول,المفعولية,0.9
uful_passive_past,أُفْعِل,ماضٍ_مجهول,التعدية,0.4
uful_passive_past,أُفْعِل,ماضٍ_مجهول,اسم_المكان,0.0
uful_passive_past,أُفْعِل,ماضٍ_مجهول,اسم_الزمان,0.0
uful_passive_past,أُفْعِل,ماضٍ_مجهول,اسم_الآلة,0.0
uful_passive_past,أُفْعِل,ماضٍ_مجهول,النسبة,0.0
uful_passive_past,أُفْعِل,ماضٍ_مجهول,التفضيل_والمبالغة,0.0
uful_passive_past,أُفْعِل,ماضٍ_مجهول,الكثرة_والجمع,0.0
uful_passive_past,أُفْعِل,ماضٍ_مجهول,التحويل_الدلالي,0.6
uful_passive_past,أُفْعِل,ماضٍ_مجهول,المصدر,0.0
uful_passive_past,أُفْعِل,ماضٍ_مجهول,الجامد,0.0
fueel_passive_past,فُعِل,ماضٍ_مجهول,الفاعلية,0.0
fueel_passive_past,فُعِل,ماضٍ_مجهول,المفعولية,1.0
fueel_passive_past,فُعِل,ماضٍ_مجهول,التعدية,0.0
fueel_passive_past,فُعِل,ماضٍ_مجهول,اسم_المكان,0.0
fueel_passive_past,فُعِل,ماضٍ_مجهول,اسم_الزمان,0.0
fueel_passive_past,فُعِل,ماضٍ_مجهول,اسم_الآلة,0.0
fueel_passive_past,فُعِل,ماضٍ_مجهول,النسبة,0.0
fueel_passive_past,فُعِل,ماضٍ_مجهول,التفضيل_والمبالغة,0.0
fueel_passive_past,فُعِل,ماضٍ_مجهول,الكثرة_والجمع,0.0
fueel_passive_past,فُعِل,ماضٍ_مجهول,التحويل_الدلالي,0.4
fueel_passive_past,فُعِل,ماضٍ_مجهول,المصدر,0.0
fueel_passive_past,فُعِل,ماضٍ_مجهول,الجامد,0.0
fueeel_intensive_passive,فُعِّل,مجهول_تكثير,الفاعلية,0.0
fueeel_intensive_passive,فُعِّل,مجهول_تكثير,المفعولية,1.0
fueeel_intensive_passive,فُعِّل,مجهول_تكثير,التعدية,0.0
fueeel_intensive_passive,فُعِّل,مجهول_تكثير,اسم_المكان,0.0
fueeel_intensive_passive,فُعِّل,مجهول_تكثير,اسم_الزمان,0.0
fueeel_intensive_passive,فُعِّل,مجهول_تكثير,اسم_الآلة,0.0
fueeel_intensive_passive,فُعِّل,مجهول_تكثير,النسبة,0.0
fueeel_intensive_passive,فُعِّل,مجهول_تكثير,التفضيل_والمبالغة,0.0
fueeel_intensive_passive,فُعِّل,مجهول_تكثير,الكثرة_والجمع,0.0
fueeel_intensive_passive,فُعِّل,مجهول_تكثير,التحويل_الدلالي,0.6
fueeel_intensive_passive,فُعِّل,مجهول_تكثير,المصدر,0.0
fueeel_intensive_passive,فُعِّل,مجهول_تكثير,الجامد,0.0
mufaaeel_intensive_agent,مُفَعِّل,اسم_فاعل_تكثير,الفاعلية,1.0
mufaaeel_intensive_agent,مُفَعِّل,اسم_فاعل_تكثير,المفعولية,0.0
mufaaeel_intensive_agent,مُفَعِّل,اسم_فاعل_تكثير,التعدية,0.5
mufaaeel_intensive_agent,مُفَعِّل,اسم_فاعل_تكثير,اسم_المكان,0.0
mufaaeel_intensive_agent,مُفَعِّل,اسم_فاعل_تكثير,اسم_الزمان,0.0
mufaaeel_intensive_agent,مُفَعِّل,اسم_فاعل_تكثير,اسم_الآلة,0.0
mufaaeel_intensive_agent,مُفَعِّل,اسم_فاعل_تكثير,النسبة,0.0
mufaaeel_intensive_agent,مُفَعِّل,اسم_فاعل_تكثير,التفضيل_والمبالغة,0.3
mufaaeel_intensive_agent,مُفَعِّل,اسم_فاعل_تكثير,الكثرة_والجمع,0.0
mufaaeel_intensive_agent,مُفَعِّل,اسم_فاعل_تكثير,التحويل_الدلالي,0.7
mufaaeel_intensive_agent,مُفَعِّل,اسم_فاعل_تكثير,المصدر,0.0
mufaaeel_intensive_agent,مُفَعِّل,اسم_فاعل_تكثير,الجامد,0.0
mufaaeal_intensive_patient,مُفَعَّل,اسم_مفعول_تكثير,الفاعلية,0.0
mufaaeal_intensive_patient,مُفَعَّل,اسم_مفعول_تكثير,المفعولية,1.0
mufaaeal_intensive_patient,مُفَعَّل,اسم_مفعول_تكثير,التعدية,0.0
mufaaeal_intensive_patient,مُفَعَّل,اسم_مفعول_تكثير,اسم_المكان,0.0
mufaaeal_intensive_patient,مُفَعَّل,اسم_مفعول_تكثير,اسم_الزمان,0.0
mufaaeal_intensive_patient,مُفَعَّل,اسم_مفعول_تكثير,اسم_الآلة,0.0
mufaaeal_intensive_patient,مُفَعَّل,اسم_مفعول_تكثير,النسبة,0.0
mufaaeal_intensive_patient,مُفَعَّل,اسم_مفعول_تكثير,التفضيل_والمبالغة,0.0
mufaaeal_intensive_patient,مُفَعَّل,اسم_مفعول_تكثير,الكثرة_والجمع,0.0
mufaaeal_intensive_patient,مُفَعَّل,اسم_مفعول_تكثير,التحويل_الدلالي,0.7
mufaaeal_intensive_patient,مُفَعَّل,اسم_مفعول_تكثير,المصدر,0.0
mufaaeal_intensive_patient,مُفَعَّل,اسم_مفعول_تكثير,الجامد,0.0
mustafeel_agent,مُسْتَفْعِل,اسم_فاعل_استفعال,الفاعلية,1.0
mustafeel_agent,مُسْتَفْعِل,اسم_فاعل_استفعال,المفعولية,0.0
mustafeel_agent,مُسْتَفْعِل,اسم_فاعل_استفعال,التعدية,0.0
mustafeel_agent,مُسْتَفْعِل,اسم_فاعل_استفعال,اسم_المكان,0.0
mustafeel_agent,مُسْتَفْعِل,اسم_فاعل_استفعال,اسم_الزمان,0.0
mustafeel_agent,مُسْتَفْعِل,اسم_فاعل_استفعال,اسم_الآلة,0.0
mustafeel_agent,مُسْتَفْعِل,اسم_فاعل_استفعال,النسبة,0.0
mustafeel_agent,مُسْتَفْعِل,اسم_فاعل_استفعال,التفضيل_والمبالغة,0.0
mustafeel_agent,مُسْتَفْعِل,اسم_فاعل_استفعال,الكثرة_والجمع,0.0
mustafeel_agent,مُسْتَفْعِل,اسم_فاعل_استفعال,التحويل_الدلالي,0.8
mustafeel_agent,مُسْتَفْعِل,اسم_فاعل_استفعال,المصدر,0.0
mustafeel_agent,مُسْتَفْعِل,اسم_فاعل_استفعال,الجامد,0.0
mifaal_instrument,مِفْعَال,اسم_آلة,الفاعلية,0.0
mifaal_instrument,مِفْعَال,اسم_آلة,المفعولية,0.0
mifaal_instrument,مِفْعَال,اسم_آلة,التعدية,0.0
mifaal_instrument,مِفْعَال,اسم_آلة,اسم_المكان,0.0
mifaal_instrument,مِفْعَال,اسم_آلة,اسم_الزمان,0.0
mifaal_instrument,مِفْعَال,اسم_آلة,اسم_الآلة,1.0
mifaal_instrument,مِفْعَال,اسم_آلة,النسبة,0.0
mifaal_instrument,مِفْعَال,اسم_آلة,التفضيل_والمبالغة,0.3
mifaal_instrument,مِفْعَال,اسم_آلة,الكثرة_والجمع,0.0
mifaal_instrument,مِفْعَال,اسم_آلة,التحويل_الدلالي,0.0
mifaal_instrument,مِفْعَال,اسم_آلة,المصدر,0.0
mifaal_instrument,مِفْعَال,اسم_آلة,الجامد,0.0
mifal_instrument,مِفْعَل,اسم_آلة,الفاعلية,0.0
mifal_instrument,مِفْعَل,اسم_آلة,المفعولية,0.0
mifal_instrument,مِفْعَل,اسم_آلة,التعدية,0.0
mifal_instrument,مِفْعَل,اسم_آلة,اسم_المكان,0.1
mifal_instrument,مِفْعَل,اسم_آلة,اسم_الزمان,0.0
mifal_instrument,مِفْعَل,اسم_آلة,اسم_الآلة,0.9
mifal_instrument,مِفْعَل,اسم_آلة,النسبة,0.0
mifal_instrument,مِفْعَل,اسم_آلة,التفضيل_والمبالغة,0.0
mifal_instrument,مِفْعَل,اسم_آلة,الكثرة_والجمع,0.0
mifal_instrument,مِفْعَل,اسم_آلة,التحويل_الدلالي,0.0
mifal_instrument,مِفْعَل,اسم_آلة,المصدر,0.0
mifal_instrument,مِفْعَل,اسم_آلة,الجامد,0.0
mifala_instrument,مِفْعَلَة,اسم_آلة,الفاعلية,0.0
mifala_instrument,مِفْعَلَة,اسم_آلة,المفعولية,0.0
mifala_instrument,مِفْعَلَة,اسم_آلة,التعدية,0.0
mifala_instrument,مِفْعَلَة,اسم_آلة,اسم_المكان,0.0
mifala_instrument,مِفْعَلَة,اسم_آلة,اسم_الزمان,0.0
mifala_instrument,مِفْعَلَة,اسم_آلة,اسم_الآلة,0.9
mifala_instrument,مِفْعَلَة,اسم_آلة,النسبة,0.0
mifala_instrument,مِفْعَلَة,اسم_آلة,التفضيل_والمبالغة,0.0
mifala_instrument,مِفْعَلَة,اسم_آلة,الكثرة_والجمع,0.0
mifala_instrument,مِفْعَلَة,اسم_آلة,التحويل_الدلالي,0.0
mifala_instrument,مِفْعَلَة,اسم_آلة,المصدر,0.0
mifala_instrument,مِفْعَلَة,اسم_آلة,الجامد,0.0
mafil_place_alt,مَفْعِل,اسم_مكان,الفاعلية,0.0
mafil_place_alt,مَفْعِل,اسم_مكان,المفعولية,0.0
mafil_place_alt,مَفْعِل,اسم_مكان,التعدية,0.0
mafil_place_alt,مَفْعِل,اسم_مكان,اسم_المكان,0.9
mafil_place_alt,مَفْعِل,اسم_مكان,اسم_الزمان,0.4
mafil_place_alt,مَفْعِل,اسم_مكان,اسم_الآلة,0.2
mafil_place_alt,مَفْعِل,اسم_مكان,النسبة,0.0
mafil_place_alt,مَفْعِل,اسم_مكان,التفضيل_والمبالغة,0.0
mafil_place_alt,مَفْعِل,اسم_مكان,الكثرة_والجمع,0.0
mafil_place_alt,مَفْعِل,اسم_مكان,التحويل_الدلالي,0.0
mafil_place_alt,مَفْعِل,اسم_مكان,المصدر,0.2
mafil_place_alt,مَفْعِل,اسم_مكان,الجامد,0.0
aful_plural,أَفْعُل,جمع_تكسير,الفاعلية,0.0
aful_plural,أَفْعُل,جمع_تكسير,المفعولية,0.0
aful_plural,أَفْعُل,جمع_تكسير,التعدية,0.0
aful_plural,أَفْعُل,جمع_تكسير,اسم_المكان,0.0
aful_plural,أَفْعُل,جمع_تكسير,اسم_الزمان,0.0
aful_plural,أَفْعُل,جمع_تكسير,اسم_الآلة,0.0
aful_plural,أَفْعُل,جمع_تكسير,النسبة,0.0
aful_plural,أَفْعُل,جمع_تكسير,التفضيل_والمبالغة,0.0
aful_plural,أَفْعُل,جمع_تكسير,الكثرة_والجمع,1.0
aful_plural,أَفْعُل,جمع_تكسير,التحويل_الدلالي,0.0
aful_plural,أَفْعُل,جمع_تكسير,المصدر,0.0
aful_plural,أَفْعُل,جمع_تكسير,الجامد,0.0
afil_imperative,أَفْعِل,فعل_أمر,الفاعلية,0.5
afil_imperative,أَفْعِل,فعل_أمر,المفعولية,0.0
afil_imperative,أَفْعِل,فعل_أمر,التعدية,0.6
afil_imperative,أَفْعِل,فعل_أمر,اسم_المكان,0.0
afil_imperative,أَفْعِل,فعل_أمر,اسم_الزمان,0.0
afil_imperative,أَفْعِل,فعل_أمر,اسم_الآلة,0.0
afil_imperative,أَفْعِل,فعل_أمر,النسبة,0.0
afil_imperative,أَفْعِل,فعل_أمر,التفضيل_والمبالغة,0.0
afil_imperative,أَفْعِل,فعل_أمر,الكثرة_والجمع,0.0
afil_imperative,أَفْعِل,فعل_أمر,التحويل_الدلالي,0.5
afil_imperative,أَفْعِل,فعل_أمر,المصدر,0.0
afil_imperative,أَفْعِل,فعل_أمر,الجامد,0.0
afilah_plural,أَفْعِلَة,جمع_تكسير,الفاعلية,0.0
afilah_plural,أَفْعِلَة,جمع_تكسير,المفعولية,0.0
afilah_plural,أَفْعِلَة,جمع_تكسير,التعدية,0.0
afilah_plural,أَفْعِلَة,جمع_تكسير,اسم_المكان,0.0
afilah_plural,أَفْعِلَة,جمع_تكسير,اسم_الزمان,0.0
afilah_plural,أَفْعِلَة,جمع_تكسير,اسم_الآلة,0.0
afilah_plural,أَفْعِلَة,جمع_تكسير,النسبة,0.0
afilah_plural,أَفْعِلَة,جمع_تكسير,التفضيل_والمبالغة,0.0
afilah_plural,أَفْعِلَة,جمع_تكسير,الكثرة_والجمع,1.0
afilah_plural,أَفْعِلَة,جمع_تكسير,التحويل_الدلالي,0.0
afilah_plural,أَفْعِلَة,جمع_تكسير,المصدر,0.0
afilah_plural,أَفْعِلَة,جمع_تكسير,الجامد,0.0
istifaal_masdar,إِسْتِفْعَال,مصدر_استفعال,الفاعلية,0.2
istifaal_masdar,إِسْتِفْعَال,مصدر_استفعال,المفعولية,0.0
istifaal_masdar,إِسْتِفْعَال,مصدر_استفعال,التعدية,0.3
istifaal_masdar,إِسْتِفْعَال,مصدر_استفعال,اسم_المكان,0.0
istifaal_masdar,إِسْتِفْعَال,مصدر_استفعال,اسم_الزمان,0.0
istifaal_masdar,إِسْتِفْعَال,مصدر_استفعال,اسم_الآلة,0.0
istifaal_masdar,إِسْتِفْعَال,مصدر_استفعال,النسبة,0.0
istifaal_masdar,إِسْتِفْعَال,مصدر_استفعال,التفضيل_والمبالغة,0.0
istifaal_masdar,إِسْتِفْعَال,مصدر_استفعال,الكثرة_والجمع,0.0
istifaal_masdar,إِسْتِفْعَال,مصدر_استفعال,التحويل_الدلالي,0.5
istifaal_masdar,إِسْتِفْعَال,مصدر_استفعال,المصدر,1.0
istifaal_masdar,إِسْتِفْعَال,مصدر_استفعال,الجامد,0.0
iftiaal_masdar,إِفْتِعَال,مصدر_افتعال,الفاعلية,0.2
iftiaal_masdar,إِفْتِعَال,مصدر_افتعال,المفعولية,0.0
iftiaal_masdar,إِفْتِعَال,مصدر_افتعال,التعدية,0.0
iftiaal_masdar,إِفْتِعَال,مصدر_افتعال,اسم_المكان,0.0
iftiaal_masdar,إِفْتِعَال,مصدر_افتعال,اسم_الزمان,0.0
iftiaal_masdar,إِفْتِعَال,مصدر_افتعال,اسم_الآلة,0.0
iftiaal_masdar,إِفْتِعَال,مصدر_افتعال,النسبة,0.0
iftiaal_masdar,إِفْتِعَال,مصدر_افتعال,التفضيل_والمبالغة,0.0
iftiaal_masdar,إِفْتِعَال,مصدر_افتعال,الكثرة_والجمع,0.0
iftiaal_masdar,إِفْتِعَال,مصدر_افتعال,التحويل_الدلالي,0.5
iftiaal_masdar,إِفْتِعَال,مصدر_افتعال,المصدر,1.0
iftiaal_masdar,إِفْتِعَال,مصدر_افتعال,الجامد,0.0
tafil_masdar,تَفْعِيل,مصدر_تفعيل,الفاعلية,0.0
tafil_masdar,تَفْعِيل,مصدر_تفعيل,المفعولية,0.0
tafil_masdar,تَفْعِيل,مصدر_تفعيل,التعدية,0.4
tafil_masdar,تَفْعِيل,مصدر_تفعيل,اسم_المكان,0.0
tafil_masdar,تَفْعِيل,مصدر_تفعيل,اسم_الزمان,0.0
tafil_masdar,تَفْعِيل,مصدر_تفعيل,اسم_الآلة,0.0
tafil_masdar,تَفْعِيل,مصدر_تفعيل,النسبة,0.0
tafil_masdar,تَفْعِيل,مصدر_تفعيل,التفضيل_والمبالغة,0.0
tafil_masdar,تَفْعِيل,مصدر_تفعيل,الكثرة_والجمع,0.2
tafil_masdar,تَفْعِيل,مصدر_تفعيل,التحويل_الدلالي,0.4
tafil_masdar,تَفْعِيل,مصدر_تفعيل,المصدر,1.0
tafil_masdar,تَفْعِيل,مصدر_تفعيل,الجامد,0.0
tafaul_masdar,تَفَعُّل,مصدر_تفعّل,الفاعلية,0.3
tafaul_masdar,تَفَعُّل,مصدر_تفعّل,المفعولية,0.2
tafaul_masdar,تَفَعُّل,مصدر_تفعّل,التعدية,0.0
tafaul_masdar,تَفَعُّل,مصدر_تفعّل,اسم_المكان,0.0
tafaul_masdar,تَفَعُّل,مصدر_تفعّل,اسم_الزمان,0.0
tafaul_masdar,تَفَعُّل,مصدر_تفعّل,اسم_الآلة,0.0
tafaul_masdar,تَفَعُّل,مصدر_تفعّل,النسبة,0.0
tafaul_masdar,تَفَعُّل,مصدر_تفعّل,التفضيل_والمبالغة,0.0
tafaul_masdar,تَفَعُّل,مصدر_تفعّل,الكثرة_والجمع,0.0
tafaul_masdar,تَفَعُّل,مصدر_تفعّل,التحويل_الدلالي,0.5
tafaul_masdar,تَفَعُّل,مصدر_تفعّل,المصدر,1.0
tafaul_masdar,تَفَعُّل,مصدر_تفعّل,الجامد,0.0
tafaul_masdar_form6,تَفَاعُل,مصدر_تفاعل,الفاعلية,0.3
tafaul_masdar_form6,تَفَاعُل,مصدر_تفاعل,المفعولية,0.3
tafaul_masdar_form6,تَفَاعُل,مصدر_تفاعل,التعدية,0.0
tafaul_masdar_form6,تَفَاعُل,مصدر_تفاعل,اسم_المكان,0.0
tafaul_masdar_form6,تَفَاعُل,مصدر_تفاعل,اسم_الزمان,0.0
tafaul_masdar_form6,تَفَاعُل,مصدر_تفاعل,اسم_الآلة,0.0
tafaul_masdar_form6,تَفَاعُل,مصدر_تفاعل,النسبة,0.0
tafaul_masdar_form6,تَفَاعُل,مصدر_تفاعل,التفضيل_والمبالغة,0.0
tafaul_masdar_form6,تَفَاعُل,مصدر_تفاعل,الكثرة_والجمع,0.2
tafaul_masdar_form6,تَفَاعُل,مصدر_تفاعل,التحويل_الدلالي,0.5
tafaul_masdar_form6,تَفَاعُل,مصدر_تفاعل,المصدر,1.0
tafaul_masdar_form6,تَفَاعُل,مصدر_تفاعل,الجامد,0.0
faiilah_attr,فَعِيلَة,صفة_مشبهة_مؤنث,الفاعلية,0.2
faiilah_attr,فَعِيلَة,صفة_مشبهة_مؤنث,المفعولية,0.4
faiilah_attr,فَعِيلَة,صفة_مشبهة_مؤنث,التعدية,0.0
faiilah_attr,فَعِيلَة,صفة_مشبهة_مؤنث,اسم_المكان,0.0
faiilah_attr,فَعِيلَة,صفة_مشبهة_مؤنث,اسم_الزمان,0.0
faiilah_attr,فَعِيلَة,صفة_مشبهة_مؤنث,اسم_الآلة,0.0
faiilah_attr,فَعِيلَة,صفة_مشبهة_مؤنث,النسبة,0.0
faiilah_attr,فَعِيلَة,صفة_مشبهة_مؤنث,التفضيل_والمبالغة,0.5
faiilah_attr,فَعِيلَة,صفة_مشبهة_مؤنث,الكثرة_والجمع,0.0
faiilah_attr,فَعِيلَة,صفة_مشبهة_مؤنث,التحويل_الدلالي,0.0
faiilah_attr,فَعِيلَة,صفة_مشبهة_مؤنث,المصدر,0.1
faiilah_attr,فَعِيلَة,صفة_مشبهة_مؤنث,الجامد,0.1
faaalah_intensive_fem,فَعَّالَة,مبالغة_مؤنث,الفاعلية,0.7
faaalah_intensive_fem,فَعَّالَة,مبالغة_مؤنث,المفعولية,0.0
faaalah_intensive_fem,فَعَّالَة,مبالغة_مؤنث,التعدية,0.2
faaalah_intensive_fem,فَعَّالَة,مبالغة_مؤنث,اسم_المكان,0.0
faaalah_intensive_fem,فَعَّالَة,مبالغة_مؤنث,اسم_الزمان,0.0
faaalah_intensive_fem,فَعَّالَة,مبالغة_مؤنث,اسم_الآلة,0.5
faaalah_intensive_fem,فَعَّالَة,مبالغة_مؤنث,النسبة,0.0
faaalah_intensive_fem,فَعَّالَة,مبالغة_مؤنث,التفضيل_والمبالغة,0.4
faaalah_intensive_fem,فَعَّالَة,مبالغة_مؤنث,الكثرة_والجمع,0.0
faaalah_intensive_fem,فَعَّالَة,مبالغة_مؤنث,التحويل_الدلالي,0.0
faaalah_intensive_fem,فَعَّالَة,مبالغة_مؤنث,المصدر,0.0
faaalah_intensive_fem,فَعَّالَة,مبالغة_مؤنث,الجامد,0.0
faulu_quality_noun,فَعُول,صفة_مبالغة,الفاعلية,0.6
faulu_quality_noun,فَعُول,صفة_مبالغة,المفعولية,0.0
faulu_quality_noun,فَعُول,صفة_مبالغة,التعدية,0.0
faulu_quality_noun,فَعُول,صفة_مبالغة,اسم_المكان,0.0
faulu_quality_noun,فَعُول,صفة_مبالغة,اسم_الزمان,0.0
faulu_quality_noun,فَعُول,صفة_مبالغة,اسم_الآلة,0.0
faulu_quality_noun,فَعُول,صفة_مبالغة,النسبة,0.0
faulu_quality_noun,فَعُول,صفة_مبالغة,التفضيل_والمبالغة,0.7
faulu_quality_noun,فَعُول,صفة_مبالغة,الكثرة_والجمع,0.0
faulu_quality_noun,فَعُول,صفة_مبالغة,التحويل_الدلالي,0.0
faulu_quality_noun,فَعُول,صفة_مبالغة,المصدر,0.3
faulu_quality_noun,فَعُول,صفة_مبالغة,الجامد,0.0
fauliyya_masdar,فَعُولِيَّة,مصدر_صناعي,الفاعلية,0.0
fauliyya_masdar,فَعُولِيَّة,مصدر_صناعي,المفعولية,0.0
fauliyya_masdar,فَعُولِيَّة,مصدر_صناعي,التعدية,0.0
fauliyya_masdar,فَعُولِيَّة,مصدر_صناعي,اسم_المكان,0.0
fauliyya_masdar,فَعُولِيَّة,مصدر_صناعي,اسم_الزمان,0.0
fauliyya_masdar,فَعُولِيَّة,مصدر_صناعي,اسم_الآلة,0.0
fauliyya_masdar,فَعُولِيَّة,مصدر_صناعي,النسبة,0.6
fauliyya_masdar,فَعُولِيَّة,مصدر_صناعي,التفضيل_والمبالغة,0.0
fauliyya_masdar,فَعُولِيَّة,مصدر_صناعي,الكثرة_والجمع,0.0
fauliyya_masdar,فَعُولِيَّة,مصدر_صناعي,التحويل_الدلالي,0.0
fauliyya_masdar,فَعُولِيَّة,مصدر_صناعي,المصدر,1.0
fauliyya_masdar,فَعُولِيَّة,مصدر_صناعي,الجامد,0.0
fualiyya_masdar,فَعَالِيَّة,مصدر_صناعي,الفاعلية,0.0
fualiyya_masdar,فَعَالِيَّة,مصدر_صناعي,المفعولية,0.0
fualiyya_masdar,فَعَالِيَّة,مصدر_صناعي,التعدية,0.0
fualiyya_masdar,فَعَالِيَّة,مصدر_صناعي,اسم_المكان,0.0
fualiyya_masdar,فَعَالِيَّة,مصدر_صناعي,اسم_الزمان,0.0
fualiyya_masdar,فَعَالِيَّة,مصدر_صناعي,اسم_الآلة,0.0
fualiyya_masdar,فَعَالِيَّة,مصدر_صناعي,النسبة,0.6
fualiyya_masdar,فَعَالِيَّة,مصدر_صناعي,التفضيل_والمبالغة,0.0
fualiyya_masdar,فَعَالِيَّة,مصدر_صناعي,الكثرة_والجمع,0.0
fualiyya_masdar,فَعَالِيَّة,مصدر_صناعي,التحويل_الدلالي,0.0
fualiyya_masdar,فَعَالِيَّة,مصدر_صناعي,المصدر,1.0
fualiyya_masdar,فَعَالِيَّة,مصدر_صناعي,الجامد,0.0
falaaan_attr,فَعْلَان,حالة_عارضة,الفاعلية,0.3
falaaan_attr,فَعْلَان,حالة_عارضة,المفعولية,0.2
falaaan_attr,فَعْلَان,حالة_عارضة,التعدية,0.0
falaaan_attr,فَعْلَان,حالة_عارضة,اسم_المكان,0.0
falaaan_attr,فَعْلَان,حالة_عارضة,اسم_الزمان,0.0
falaaan_attr,فَعْلَان,حالة_عارضة,اسم_الآلة,0.0
falaaan_attr,فَعْلَان,حالة_عارضة,النسبة,0.0
falaaan_attr,فَعْلَان,حالة_عارضة,التفضيل_والمبالغة,0.6
falaaan_attr,فَعْلَان,حالة_عارضة,الكثرة_والجمع,0.0
falaaan_attr,فَعْلَان,حالة_عارضة,التحويل_الدلالي,0.0
falaaan_attr,فَعْلَان,حالة_عارضة,المصدر,0.0
falaaan_attr,فَعْلَان,حالة_عارضة,الجامد,0.1
falaa_fem_color,فَعْلَاء,مؤنث_لون_وعيب,الفاعلية,0.0
falaa_fem_color,فَعْلَاء,مؤنث_لون_وعيب,المفعولية,0.0
falaa_fem_color,فَعْلَاء,مؤنث_لون_وعيب,التعدية,0.0
falaa_fem_color,فَعْلَاء,مؤنث_لون_وعيب,اسم_المكان,0.0
falaa_fem_color,فَعْلَاء,مؤنث_لون_وعيب,اسم_الزمان,0.0
falaa_fem_color,فَعْلَاء,مؤنث_لون_وعيب,اسم_الآلة,0.0
falaa_fem_color,فَعْلَاء,مؤنث_لون_وعيب,النسبة,0.0
falaa_fem_color,فَعْلَاء,مؤنث_لون_وعيب,التفضيل_والمبالغة,0.7
falaa_fem_color,فَعْلَاء,مؤنث_لون_وعيب,الكثرة_والجمع,0.0
falaa_fem_color,فَعْلَاء,مؤنث_لون_وعيب,التحويل_الدلالي,0.0
falaa_fem_color,فَعْلَاء,مؤنث_لون_وعيب,المصدر,0.0
falaa_fem_color,فَعْلَاء,مؤنث_لون_وعيب,الجامد,0.2
falaa_fem,فَعْلَى,صيغة_مؤنث,الفاعلية,0.0
falaa_fem,فَعْلَى,صيغة_مؤنث,المفعولية,0.2
falaa_fem,فَعْلَى,صيغة_مؤنث,التعدية,0.0
falaa_fem,فَعْلَى,صيغة_مؤنث,اسم_المكان,0.0
falaa_fem,فَعْلَى,صيغة_مؤنث,اسم_الزمان,0.0
falaa_fem,فَعْلَى,صيغة_مؤنث,اسم_الآلة,0.0
falaa_fem,فَعْلَى,صيغة_مؤنث,النسبة,0.0
falaa_fem,فَعْلَى,صيغة_مؤنث,التفضيل_والمبالغة,0.5
falaa_fem,فَعْلَى,صيغة_مؤنث,الكثرة_والجمع,0.0
falaa_fem,فَعْلَى,صيغة_مؤنث,التحويل_الدلالي,0.0
falaa_fem,فَعْلَى,صيغة_مؤنث,المصدر,0.2
falaa_fem,فَعْلَى,صيغة_مؤنث,الجامد,0.2
falah_unit_noun,فَعْلَة,اسم_مرّة,الفاعلية,0.0
falah_unit_noun,فَعْلَة,اسم_مرّة,المفعولية,0.0
falah_unit_noun,فَعْلَة,اسم_مرّة,التعدية,0.0
falah_unit_noun,فَعْلَة,اسم_مرّة,اسم_المكان,0.0
falah_unit_noun,فَعْلَة,اسم_مرّة,اسم_الزمان,0.0
falah_unit_noun,فَعْلَة,اسم_مرّة,اسم_الآلة,0.0
falah_unit_noun,فَعْلَة,اسم_مرّة,النسبة,0.0
falah_unit_noun,فَعْلَة,اسم_مرّة,التفضيل_والمبالغة,0.0
falah_unit_noun,فَعْلَة,اسم_مرّة,الكثرة_والجمع,0.0
falah_unit_noun,فَعْلَة,اسم_مرّة,التحويل_الدلالي,0.0
falah_unit_noun,فَعْلَة,اسم_مرّة,المصدر,0.7
falah_unit_noun,فَعْلَة,اسم_مرّة,الجامد,0.3
falah_plural,فَعَلَة,جمع_تكسير,الفاعلية,0.3
falah_plural,فَعَلَة,جمع_تكسير,المفعولية,0.0
falah_plural,فَعَلَة,جمع_تكسير,التعدية,0.0
falah_plural,فَعَلَة,جمع_تكسير,اسم_المكان,0.0
falah_plural,فَعَلَة,جمع_تكسير,اسم_الزمان,0.0
falah_plural,فَعَلَة,جمع_تكسير,اسم_الآلة,0.0
falah_plural,فَعَلَة,جمع_تكسير,النسبة,0.0
falah_plural,فَعَلَة,جمع_تكسير,التفضيل_والمبالغة,0.0
falah_plural,فَعَلَة,جمع_تكسير,الكثرة_والجمع,1.0
falah_plural,فَعَلَة,جمع_تكسير,التحويل_الدلالي,0.0
falah_plural,فَعَلَة,جمع_تكسير,المصدر,0.0
falah_plural,فَعَلَة,جمع_تكسير,الجامد,0.0
fualaa_plural,فُعَلَاء,جمع_تكسير,الفاعلية,0.0
fualaa_plural,فُعَلَاء,جمع_تكسير,المفعولية,0.0
fualaa_plural,فُعَلَاء,جمع_تكسير,التعدية,0.0
fualaa_plural,فُعَلَاء,جمع_تكسير,اسم_المكان,0.0
fualaa_plural,فُعَلَاء,جمع_تكسير,اسم_الزمان,0.0
fualaa_plural,فُعَلَاء,جمع_تكسير,اسم_الآلة,0.0
fualaa_plural,فُعَلَاء,جمع_تكسير,النسبة,0.0
fualaa_plural,فُعَلَاء,جمع_تكسير,التفضيل_والمبالغة,0.0
fualaa_plural,فُعَلَاء,جمع_تكسير,الكثرة_والجمع,1.0
fualaa_plural,فُعَلَاء,جمع_تكسير,التحويل_الدلالي,0.0
fualaa_plural,فُعَلَاء,جمع_تكسير,المصدر,0.0
fualaa_plural,فُعَلَاء,جمع_تكسير,الجامد,0.0
faaail_plural,فَعَائِل,جمع_تكسير,الفاعلية,0.0
faaail_plural,فَعَائِل,جمع_تكسير,المفعولية,0.0
faaail_plural,فَعَائِل,جمع_تكسير,التعدية,0.0
faaail_plural,فَعَائِل,جمع_تكسير,اسم_المكان,0.0
faaail_plural,فَعَائِل,جمع_تكسير,اسم_الزمان,0.0
faaail_plural,فَعَائِل,جمع_تكسير,اسم_الآلة,0.0
faaail_plural,فَعَائِل,جمع_تكسير,النسبة,0.0
faaail_plural,فَعَائِل,جمع_تكسير,التفضيل_والمبالغة,0.0
faaail_plural,فَعَائِل,جمع_تكسير,الكثرة_والجمع,1.0
faaail_plural,فَعَائِل,جمع_تكسير,التحويل_الدلالي,0.0
faaail_plural,فَعَائِل,جمع_تكسير,المصدر,0.0
faaail_plural,فَعَائِل,جمع_تكسير,الجامد,0.0
fawaail_plural,فَوَاعِل,جمع_تكسير,الفاعلية,0.2
fawaail_plural,فَوَاعِل,جمع_تكسير,المفعولية,0.0
fawaail_plural,فَوَاعِل,جمع_تكسير,التعدية,0.0
fawaail_plural,فَوَاعِل,جمع_تكسير,اسم_المكان,0.0
fawaail_plural,فَوَاعِل,جمع_تكسير,اسم_الزمان,0.0
fawaail_plural,فَوَاعِل,جمع_تكسير,اسم_الآلة,0.0
fawaail_plural,فَوَاعِل,جمع_تكسير,النسبة,0.0
fawaail_plural,فَوَاعِل,جمع_تكسير,التفضيل_والمبالغة,0.0
fawaail_plural,فَوَاعِل,جمع_تكسير,الكثرة_والجمع,1.0
fawaail_plural,فَوَاعِل,جمع_تكسير,التحويل_الدلالي,0.0
fawaail_plural,فَوَاعِل,جمع_تكسير,المصدر,0.0
fawaail_plural,فَوَاعِل,جمع_تكسير,الجامد,0.0
faalaa_plural,فَعَالَى,جمع_تكسير,الفاعلية,0.0
faalaa_plural,فَعَالَى,جمع_تكسير,المفعولية,0.0
faalaa_plural,فَعَالَى,جمع_تكسير,التعدية,0.0
faalaa_plural,فَعَالَى,جمع_تكسير,اسم_المكان,0.0
faalaa_plural,فَعَالَى,جمع_تكسير,اسم_الزمان,0.0
faalaa_plural,فَعَالَى,جمع_تكسير,اسم_الآلة,0.0
faalaa_plural,فَعَالَى,جمع_تكسير,النسبة,0.0
faalaa_plural,فَعَالَى,جمع_تكسير,التفضيل_والمبالغة,0.0
faalaa_plural,فَعَالَى,جمع_تكسير,الكثرة_والجمع,1.0
faalaa_plural,فَعَالَى,جمع_تكسير,التحويل_الدلالي,0.0
faalaa_plural,فَعَالَى,جمع_تكسير,المصدر,0.0
faalaa_plural,فَعَالَى,جمع_تكسير,الجامد,0.0
fuayal_diminutive,فُعَيْل,تصغير,الفاعلية,0.0
fuayal_diminutive,فُعَيْل,تصغير,المفعولية,0.0
fuayal_diminutive,فُعَيْل,تصغير,التعدية,0.0
fuayal_diminutive,فُعَيْل,تصغير,اسم_المكان,0.0
fuayal_diminutive,فُعَيْل,تصغير,اسم_الزمان,0.0
fuayal_diminutive,فُعَيْل,تصغير,اسم_الآلة,0.0
fuayal_diminutive,فُعَيْل,تصغير,النسبة,0.0
fuayal_diminutive,فُعَيْل,تصغير,التفضيل_والمبالغة,0.8
fuayal_diminutive,فُعَيْل,تصغير,الكثرة_والجمع,0.0
fuayal_diminutive,فُعَيْل,تصغير,التحويل_الدلالي,0.4
fuayal_diminutive,فُعَيْل,تصغير,المصدر,0.0
fuayal_diminutive,فُعَيْل,تصغير,الجامد,0.2
fuayil_diminutive_form,فُعَيْعِل,تصغير_رباعي,الفاعلية,0.0
fuayil_diminutive_form,فُعَيْعِل,تصغير_رباعي,المفعولية,0.0
fuayil_diminutive_form,فُعَيْعِل,تصغير_رباعي,التعدية,0.0
fuayil_diminutive_form,فُعَيْعِل,تصغير_رباعي,اسم_المكان,0.0
fuayil_diminutive_form,فُعَيْعِل,تصغير_رباعي,اسم_الزمان,0.0
fuayil_diminutive_form,فُعَيْعِل,تصغير_رباعي,اسم_الآلة,0.0
fuayil_diminutive_form,فُعَيْعِل,تصغير_رباعي,النسبة,0.0
fuayil_diminutive_form,فُعَيْعِل,تصغير_رباعي,التفضيل_والمبالغة,0.7
fuayil_diminutive_form,فُعَيْعِل,تصغير_رباعي,الكثرة_والجمع,0.0
fuayil_diminutive_form,فُعَيْعِل,تصغير_رباعي,التحويل_الدلالي,0.4
fuayil_diminutive_form,فُعَيْعِل,تصغير_رباعي,المصدر,0.0
fuayil_diminutive_form,فُعَيْعِل,تصغير_رباعي,الجامد,0.2
fuaylaan_dim,فُعَيْلَان,تصغير,الفاعلية,0.0
fuaylaan_dim,فُعَيْلَان,تصغير,المفعولية,0.0
fuaylaan_dim,فُعَيْلَان,تصغير,التعدية,0.0
fuaylaan_dim,فُعَيْلَان,تصغير,اسم_المكان,0.0
fuaylaan_dim,فُعَيْلَان,تصغير,اسم_الزمان,0.0
fuaylaan_dim,فُعَيْلَان,تصغير,اسم_الآلة,0.0
fuaylaan_dim,فُعَيْلَان,تصغير,النسبة,0.0
fuaylaan_dim,فُعَيْلَان,تصغير,التفضيل_والمبالغة,0.7
fuaylaan_dim,فُعَيْلَان,تصغير,الكثرة_والجمع,0.0
fuaylaan_dim,فُعَيْلَان,تصغير,التحويل_الدلالي,0.3
fuaylaan_dim,فُعَيْلَان,تصغير,المصدر,0.0
fuaylaan_dim,فُعَيْلَان,تصغير,الجامد,0.2
fuaylaa_dim,فُعَيْلَاء,تصغير,الفاعلية,0.0
fuaylaa_dim,فُعَيْلَاء,تصغير,المفعولية,0.0
fuaylaa_dim,فُعَيْلَاء,تصغير,التعدية,0.0
fuaylaa_dim,فُعَيْلَاء,تصغير,اسم_المكان,0.0
fuaylaa_dim,فُعَيْلَاء,تصغير,اسم_الزمان,0.0
fuaylaa_dim,فُعَيْلَاء,تصغير,اسم_الآلة,0.0
fuaylaa_dim,فُعَيْلَاء,تصغير,النسبة,0.0
fuaylaa_dim,فُعَيْلَاء,تصغير,التفضيل_والمبالغة,0.7
fuaylaa_dim,فُعَيْلَاء,تصغير,الكثرة_والجمع,0.0
fuaylaa_dim,فُعَيْلَاء,تصغير,التحويل_الدلالي,0.3
fuaylaa_dim,فُعَيْلَاء,تصغير,المصدر,0.0
fuaylaa_dim,فُعَيْلَاء,تصغير,الجامد,0.2
faaiil_intensive,فَعِّيل,صفة_مبالغة_مشدّدة,الفاعلية,0.6
faaiil_intensive,فَعِّيل,صفة_مبالغة_مشدّدة,المفعولية,0.0
faaiil_intensive,فَعِّيل,صفة_مبالغة_مشدّدة,التعدية,0.0
faaiil_intensive,فَعِّيل,صفة_مبالغة_مشدّدة,اسم_المكان,0.0
faaiil_intensive,فَعِّيل,صفة_مبالغة_مشدّدة,اسم_الزمان,0.0
faaiil_intensive,فَعِّيل,صفة_مبالغة_مشدّدة,اسم_الآلة,0.0
faaiil_intensive,فَعِّيل,صفة_مبالغة_مشدّدة,النسبة,0.0
faaiil_intensive,فَعِّيل,صفة_مبالغة_مشدّدة,التفضيل_والمبالغة,0.9
faaiil_intensive,فَعِّيل,صفة_مبالغة_مشدّدة,الكثرة_والجمع,0.0
faaiil_intensive,فَعِّيل,صفة_مبالغة_مشدّدة,التحويل_الدلالي,0.0
faaiil_intensive,فَعِّيل,صفة_مبالغة_مشدّدة,المصدر,0.0
faaiil_intensive,فَعِّيل,صفة_مبالغة_مشدّدة,الجامد,0.0
faayal_quadri,فَعْيَل,رباعي,الفاعلية,0.3
faayal_quadri,فَعْيَل,رباعي,المفعولية,0.0
faayal_quadri,فَعْيَل,رباعي,التعدية,0.0
faayal_quadri,فَعْيَل,رباعي,اسم_المكان,0.0
faayal_quadri,فَعْيَل,رباعي,اسم_الزمان,0.0
faayal_quadri,فَعْيَل,رباعي,اسم_الآلة,0.0
faayal_quadri,فَعْيَل,رباعي,النسبة,0.0
faayal_quadri,فَعْيَل,رباعي,التفضيل_والمبالغة,0.0
faayal_quadri,فَعْيَل,رباعي,الكثرة_والجمع,0.0
faayal_quadri,فَعْيَل,رباعي,التحويل_الدلالي,0.3
faayal_quadri,فَعْيَل,رباعي,المصدر,0.0
faayal_quadri,فَعْيَل,رباعي,الجامد,0.4
fayal_quadri,فَيْعَل,رباعي,الفاعلية,0.4
fayal_quadri,فَيْعَل,رباعي,المفعولية,0.0
fayal_quadri,فَيْعَل,رباعي,التعدية,0.0
fayal_quadri,فَيْعَل,رباعي,اسم_المكان,0.0
fayal_quadri,فَيْعَل,رباعي,اسم_الزمان,0.0
fayal_quadri,فَيْعَل,رباعي,اسم_الآلة,0.0
fayal_quadri,فَيْعَل,رباعي,النسبة,0.0
fayal_quadri,فَيْعَل,رباعي,التفضيل_والمبالغة,0.0
fayal_quadri,فَيْعَل,رباعي,الكثرة_والجمع,0.0
fayal_quadri,فَيْعَل,رباعي,التحويل_الدلالي,0.3
fayal_quadri,فَيْعَل,رباعي,المصدر,0.0
fayal_quadri,فَيْعَل,رباعي,الجامد,0.3
fawal_quadri,فَوْعَل,رباعي,الفاعلية,0.4
fawal_quadri,فَوْعَل,رباعي,المفعولية,0.0
fawal_quadri,فَوْعَل,رباعي,التعدية,0.0
fawal_quadri,فَوْعَل,رباعي,اسم_المكان,0.0
fawal_quadri,فَوْعَل,رباعي,اسم_الزمان,0.0
fawal_quadri,فَوْعَل,رباعي,اسم_الآلة,0.0
fawal_quadri,فَوْعَل,رباعي,النسبة,0.0
fawal_quadri,فَوْعَل,رباعي,التفضيل_والمبالغة,0.0
fawal_quadri,فَوْعَل,رباعي,الكثرة_والجمع,0.0
fawal_quadri,فَوْعَل,رباعي,التحويل_الدلالي,0.3
fawal_quadri,فَوْعَل,رباعي,المصدر,0.0
fawal_quadri,فَوْعَل,رباعي,الجامد,0.3
falal_quadri,فَعْلَل,فعل_رباعي,الفاعلية,0.6
falal_quadri,فَعْلَل,فعل_رباعي,المفعولية,0.0
falal_quadri,فَعْلَل,فعل_رباعي,التعدية,0.5
falal_quadri,فَعْلَل,فعل_رباعي,اسم_المكان,0.0
falal_quadri,فَعْلَل,فعل_رباعي,اسم_الزمان,0.0
falal_quadri,فَعْلَل,فعل_رباعي,اسم_الآلة,0.0
falal_quadri,فَعْلَل,فعل_رباعي,النسبة,0.0
falal_quadri,فَعْلَل,فعل_رباعي,التفضيل_والمبالغة,0.0
falal_quadri,فَعْلَل,فعل_رباعي,الكثرة_والجمع,0.0
falal_quadri,فَعْلَل,فعل_رباعي,التحويل_الدلالي,0.7
falal_quadri,فَعْلَل,فعل_رباعي,المصدر,0.0
falal_quadri,فَعْلَل,فعل_رباعي,الجامد,0.0
falnal_quadri,فَعْنَل,رباعي,الفاعلية,0.3
falnal_quadri,فَعْنَل,رباعي,المفعولية,0.0
falnal_quadri,فَعْنَل,رباعي,التعدية,0.0
falnal_quadri,فَعْنَل,رباعي,اسم_المكان,0.0
falnal_quadri,فَعْنَل,رباعي,اسم_الزمان,0.0
falnal_quadri,فَعْنَل,رباعي,اسم_الآلة,0.0
falnal_quadri,فَعْنَل,رباعي,النسبة,0.0
falnal_quadri,فَعْنَل,رباعي,التفضيل_والمبالغة,0.0
falnal_quadri,فَعْنَل,رباعي,الكثرة_والجمع,0.0
falnal_quadri,فَعْنَل,رباعي,التحويل_الدلالي,0.3
falnal_quadri,فَعْنَل,رباعي,المصدر,0.0
falnal_quadri,فَعْنَل,رباعي,الجامد,0.4
fawal_quadri_alt,فَعْوَل,فعل_رباعي,الفاعلية,0.5
fawal_quadri_alt,فَعْوَل,فعل_رباعي,المفعولية,0.0
fawal_quadri_alt,فَعْوَل,فعل_رباعي,التعدية,0.3
fawal_quadri_alt,فَعْوَل,فعل_رباعي,اسم_المكان,0.0
fawal_quadri_alt,فَعْوَل,فعل_رباعي,اسم_الزمان,0.0
fawal_quadri_alt,فَعْوَل,فعل_رباعي,اسم_الآلة,0.0
fawal_quadri_alt,فَعْوَل,فعل_رباعي,النسبة,0.0
fawal_quadri_alt,فَعْوَل,فعل_رباعي,التفضيل_والمبالغة,0.0
fawal_quadri_alt,فَعْوَل,فعل_رباعي,الكثرة_والجمع,0.0
fawal_quadri_alt,فَعْوَل,فعل_رباعي,التحويل_الدلالي,0.5
fawal_quadri_alt,فَعْوَل,فعل_رباعي,المصدر,0.0
fawal_quadri_alt,فَعْوَل,فعل_رباعي,الجامد,0.0
tafil_arabic_word,فَعَلِي,صفة_منسوبة,الفاعلية,0.0
tafil_arabic_word,فَعَلِي,صفة_منسوبة,المفعولية,0.0
tafil_arabic_word,فَعَلِي,صفة_منسوبة,التعدية,0.0
tafil_arabic_word,فَعَلِي,صفة_منسوبة,اسم_المكان,0.3
tafil_arabic_word,فَعَلِي,صفة_منسوبة,اسم_الزمان,0.0
tafil_arabic_word,فَعَلِي,صفة_منسوبة,اسم_الآلة,0.0
tafil_arabic_word,فَعَلِي,صفة_منسوبة,النسبة,1.0
tafil_arabic_word,فَعَلِي,صفة_منسوبة,التفضيل_والمبالغة,0.2
tafil_arabic_word,فَعَلِي,صفة_منسوبة,الكثرة_والجمع,0.0
tafil_arabic_word,فَعَلِي,صفة_منسوبة,التحويل_الدلالي,0.0
tafil_arabic_word,فَعَلِي,صفة_منسوبة,المصدر,0.0
tafil_arabic_word,فَعَلِي,صفة_منسوبة,الجامد,0.2
tafili_nisba,تَفْعِيلِي,صفة_منسوبة,الفاعلية,0.0
tafili_nisba,تَفْعِيلِي,صفة_منسوبة,المفعولية,0.0
tafili_nisba,تَفْعِيلِي,صفة_منسوبة,التعدية,0.0
tafili_nisba,تَفْعِيلِي,صفة_منسوبة,اسم_المكان,0.0
tafili_nisba,تَفْعِيلِي,صفة_منسوبة,اسم_الزمان,0.0
tafili_nisba,تَفْعِيلِي,صفة_منسوبة,اسم_الآلة,0.0
tafili_nisba,تَفْعِيلِي,صفة_منسوبة,النسبة,0.9
tafili_nisba,تَفْعِيلِي,صفة_منسوبة,التفضيل_والمبالغة,0.0
tafili_nisba,تَفْعِيلِي,صفة_منسوبة,الكثرة_والجمع,0.0
tafili_nisba,تَفْعِيلِي,صفة_منسوبة,التحويل_الدلالي,0.2
tafili_nisba,تَفْعِيلِي,صفة_منسوبة,المصدر,0.0
tafili_nisba,تَفْعِيلِي,صفة_منسوبة,الجامد,0.0
yufiil_weak,يُفعِل,مضارع_معتلّ,الفاعلية,0.5
yufiil_weak,يُفعِل,مضارع_معتلّ,المفعولية,0.0
yufiil_weak,يُفعِل,مضارع_معتلّ,التعدية,0.7
yufiil_weak,يُفعِل,مضارع_معتلّ,اسم_المكان,0.0
yufiil_weak,يُفعِل,مضارع_معتلّ,اسم_الزمان,0.3
yufiil_weak,يُفعِل,مضارع_معتلّ,اسم_الآلة,0.0
yufiil_weak,يُفعِل,مضارع_معتلّ,النسبة,0.0
yufiil_weak,يُفعِل,مضارع_معتلّ,التفضيل_والمبالغة,0.0
yufiil_weak,يُفعِل,مضارع_معتلّ,الكثرة_والجمع,0.0
yufiil_weak,يُفعِل,مضارع_معتلّ,التحويل_الدلالي,0.5
yufiil_weak,يُفعِل,مضارع_معتلّ,المصدر,0.0
yufiil_weak,يُفعِل,مضارع_معتلّ,الجامد,0.0
nufiil_weak,نُفعِل,مضارع_معتلّ,الفاعلية,0.5
nufiil_weak,نُفعِل,مضارع_معتلّ,المفعولية,0.0
nufiil_weak,نُفعِل,مضارع_معتلّ,التعدية,0.7
nufiil_weak,نُفعِل,مضارع_معتلّ,اسم_المكان,0.0
nufiil_weak,نُفعِل,مضارع_معتلّ,اسم_الزمان,0.3
nufiil_weak,نُفعِل,مضارع_معتلّ,اسم_الآلة,0.0
nufiil_weak,نُفعِل,مضارع_معتلّ,النسبة,0.0
nufiil_weak,نُفعِل,مضارع_معتلّ,التفضيل_والمبالغة,0.0
nufiil_weak,نُفعِل,مضارع_معتلّ,الكثرة_والجمع,0.0
nufiil_weak,نُفعِل,مضارع_معتلّ,التحويل_الدلالي,0.5
nufiil_weak,نُفعِل,مضارع_معتلّ,المصدر,0.0
nufiil_weak,نُفعِل,مضارع_معتلّ,الجامد,0.0
faeel_intensive_alt,فَعِّل,أمر_تكثير,الفاعلية,0.4
faeel_intensive_alt,فَعِّل,أمر_تكثير,المفعولية,0.0
faeel_intensive_alt,فَعِّل,أمر_تكثير,التعدية,0.6
faeel_intensive_alt,فَعِّل,أمر_تكثير,اسم_المكان,0.0
faeel_intensive_alt,فَعِّل,أمر_تكثير,اسم_الزمان,0.0
faeel_intensive_alt,فَعِّل,أمر_تكثير,اسم_الآلة,0.0
faeel_intensive_alt,فَعِّل,أمر_تكثير,النسبة,0.0
faeel_intensive_alt,فَعِّل,أمر_تكثير,التفضيل_والمبالغة,0.3
faeel_intensive_alt,فَعِّل,أمر_تكثير,الكثرة_والجمع,0.4
faeel_intensive_alt,فَعِّل,أمر_تكثير,التحويل_الدلالي,0.7
faeel_intensive_alt,فَعِّل,أمر_تكثير,المصدر,0.0
faeel_intensive_alt,فَعِّل,أمر_تكثير,الجامد,0.0
fuaeel_passive_intensive,فُعَّل,مجهول_تكثير_خاص,الفاعلية,0.0
fuaeel_passive_intensive,فُعَّل,مجهول_تكثير_خاص,المفعولية,0.9
fuaeel_passive_intensive,فُعَّل,مجهول_تكثير_خاص,التعدية,0.0
fuaeel_passive_intensive,فُعَّل,مجهول_تكثير_خاص,اسم_المكان,0.0
fuaeel_passive_intensive,فُعَّل,مجهول_تكثير_خاص,اسم_الزمان,0.0
fuaeel_passive_intensive,فُعَّل,مجهول_تكثير_خاص,اسم_الآلة,0.0
fuaeel_passive_intensive,فُعَّل,مجهول_تكثير_خاص,النسبة,0.0
fuaeel_passive_intensive,فُعَّل,مجهول_تكثير_خاص,التفضيل_والمبالغة,0.0
fuaeel_passive_intensive,فُعَّل,مجهول_تكثير_خاص,الكثرة_والجمع,0.0
fuaeel_passive_intensive,فُعَّل,مجهول_تكثير_خاص,التحويل_الدلالي,0.6
fuaeel_passive_intensive,فُعَّل,مجهول_تكثير_خاص,المصدر,0.0
fuaeel_passive_intensive,فُعَّل,مجهول_تكثير_خاص,الجامد,0.0
faooul_weak,فَعَوْل,ماضٍ_معتلّ,الفاعلية,0.5
faooul_weak,فَعَوْل,ماضٍ_معتلّ,المفعولية,0.0
faooul_weak,فَعَوْل,ماضٍ_معتلّ,التعدية,0.0
faooul_weak,فَعَوْل,ماضٍ_معتلّ,اسم_المكان,0.0
faooul_weak,فَعَوْل,ماضٍ_معتلّ,اسم_الزمان,0.0
faooul_weak,فَعَوْل,ماضٍ_معتلّ,اسم_الآلة,0.0
faooul_weak,فَعَوْل,ماضٍ_معتلّ,النسبة,0.0
faooul_weak,فَعَوْل,ماضٍ_معتلّ,التفضيل_والمبالغة,0.0
faooul_weak,فَعَوْل,ماضٍ_معتلّ,الكثرة_والجمع,0.0
faooul_weak,فَعَوْل,ماضٍ_معتلّ,التحويل_الدلالي,0.3
faooul_weak,فَعَوْل,ماضٍ_معتلّ,المصدر,0.0
faooul_weak,فَعَوْل,ماضٍ_معتلّ,الجامد,0.0
